Order ID,Order Date,Customer Name,Category,Product,Region,Quantity,Sales,Profit
ORD100944,2025-01-01,Customer_0119,Clothing,T-Shirt,East,3,2783.0,589.3
ORD100783,2025-01-02,Customer_0065,Electronics,Laptop,East,4,194250.97,21523.76
ORD100046,2025-01-02,Customer_0183,Furniture,Desk,West,4,46589.19,8870.75
ORD100550,2025-01-03,Customer_0179,Clothing,Jacket,East,4,12782.87,2678.38
ORD100604,2025-01-03,Customer_0035,Electronics,Tablet,North,4,85945.87,14108.29
ORD100530,2025-01-03,Customer_0308,Clothing,Jacket,North,5,14154.29,3529.76
ORD100194,2025-01-03,Customer_0494,Furniture,Sofa,North,3,70417.33,14051.2
ORD100950,2025-01-04,Customer_0092,Furniture,Bookshelf,West,3,22922.6,4061.05
ORD100601,2025-01-04,Customer_0194,Electronics,Smartphone,South,4,125873.26,11195.6
ORD100154,2025-01-05,Customer_0189,Furniture,Office Chair,North,4,37707.5,7436.02
ORD100203,2025-01-05,Customer_0108,Electronics,Monitor,East,7,107656.1,7743.8
ORD100304,2025-01-05,Customer_0408,Furniture,Table,North,3,31658.83,6846.87
ORD100782,2025-01-05,Customer_0121,Furniture,Sofa,South,4,90404.76,14032.91
ORD100735,2025-01-07,Customer_0335,Electronics,Laptop,West,6,317858.95,21485.99
ORD100254,2025-01-07,Customer_0423,Electronics,Monitor,South,7,101089.63,11772.41
ORD100340,2025-01-07,Customer_0417,Electronics,Laptop,North,7,423186.93,38568.65
ORD100862,2025-01-08,Customer_0100,Furniture,Table,West,7,75220.78,14791.25
ORD100438,2025-01-08,Customer_0165,Clothing,Jeans,East,2,3154.81,767.16
ORD100416,2025-01-08,Customer_0124,Furniture,Sofa,South,7,195820.17,33379.69
ORD100839,2025-01-08,Customer_0298,Furniture,Office Chair,North,6,51437.95,8402.24
ORD100076,2025-01-09,Customer_0216,Furniture,Sofa,East,1,27343.55,4357.3
ORD100556,2025-01-10,Customer_0435,Furniture,Bookshelf,South,4,28410.84,6924.26
ORD100474,2025-01-10,Customer_0111,Clothing,T-Shirt,West,5,4247.01,1183.68
ORD100078,2025-01-10,Customer_0065,Electronics,Monitor,East,2,26368.25,3230.9
ORD100397,2025-01-10,Customer_0430,Clothing,T-Shirt,West,2,1671.12,347.13
ORD100113,2025-01-11,Customer_0342,Clothing,Jeans,South,1,1874.4,405.1
ORD100473,2025-01-11,Customer_0397,Electronics,Laptop,East,5,296450.46,44463.0
ORD100191,2025-01-12,Customer_0397,Electronics,Headphones,South,1,3569.14,527.96
ORD100568,2025-01-12,Customer_0337,Furniture,Desk,South,3,38127.86,5421.99
ORD100285,2025-01-12,Customer_0258,Furniture,Table,South,5,56896.87,8986.81
ORD100872,2025-01-12,Customer_0470,Electronics,Laptop,South,7,408940.71,47297.78
ORD100241,2025-01-12,Customer_0485,Clothing,Shoes,North,6,16442.19,4054.37
ORD100006,2025-01-12,Customer_0275,Electronics,Monitor,East,6,72670.5,8059.67
ORD100562,2025-01-13,Customer_0163,Electronics,Headphones,West,7,26916.01,3968.5
ORD100357,2025-01-13,Customer_0202,Electronics,Tablet,South,3,64333.21,8384.86
ORD100343,2025-01-14,Customer_0290,Electronics,Tablet,North,4,85615.36,8486.02
ORD100255,2025-01-14,Customer_0258,Electronics,Laptop,West,4,201552.18,19964.69
ORD100570,2025-01-14,Customer_0369,Electronics,Tablet,North,4,98012.98,12434.75
ORD100603,2025-01-14,Customer_0152,Electronics,Tablet,South,2,42879.92,5680.25
ORD100874,2025-01-16,Customer_0100,Furniture,Sofa,West,3,73801.35,13258.81
ORD100423,2025-01-17,Customer_0201,Electronics,Smartphone,North,6,196748.7,10272.97
ORD100389,2025-01-17,Customer_0344,Clothing,Hoodie,East,7,11697.19,2299.76
ORD100775,2025-01-17,Customer_0325,Clothing,T-Shirt,West,7,6490.79,1538.42
ORD100496,2025-01-18,Customer_0101,Electronics,Headphones,West,1,3218.84,425.02
ORD100092,2025-01-19,Customer_0026,Furniture,Sofa,West,5,133634.34,16895.9
ORD100132,2025-01-19,Customer_0262,Electronics,Laptop,North,6,370722.58,34795.16
ORD100629,2025-01-19,Customer_0232,Electronics,Laptop,South,2,97472.0,10848.48
ORD100533,2025-01-19,Customer_0183,Clothing,Jeans,West,1,1604.14,348.45
ORD100597,2025-01-20,Customer_0126,Furniture,Sofa,East,4,89151.15,15995.38
ORD100806,2025-01-20,Customer_0471,Furniture,Sofa,East,7,159554.2,33176.08
ORD100293,2025-01-20,Customer_0301,Clothing,T-Shirt,East,1,1020.41,209.87
ORD100572,2025-01-20,Customer_0352,Clothing,Hoodie,North,1,1590.8,229.07
ORD100584,2025-01-20,Customer_0287,Electronics,Laptop,South,3,159709.53,17747.14
ORD100749,2025-01-21,Customer_0290,Clothing,Jacket,South,1,3433.13,757.11
ORD100955,2025-01-21,Customer_0170,Furniture,Sofa,South,2,49065.75,11199.08
ORD100018,2025-01-21,Customer_0265,Furniture,Office Chair,South,3,28739.22,4480.13
ORD100732,2025-01-21,Customer_0500,Clothing,Shoes,South,3,6725.49,1383.83
ORD100384,2025-01-21,Customer_0365,Clothing,Hoodie,South,2,3861.65,964.03
ORD100878,2025-01-21,Customer_0237,Furniture,Bookshelf,West,4,24129.83,4853.3
ORD100784,2025-01-22,Customer_0107,Electronics,Monitor,South,5,78057.36,5006.89
ORD100513,2025-01-22,Customer_0487,Clothing,T-Shirt,South,1,832.11,204.69
ORD100534,2025-01-23,Customer_0250,Furniture,Office Chair,South,7,71550.11,12126.58
ORD100585,2025-01-24,Customer_0208,Furniture,Desk,East,2,21402.63,3593.91
ORD100611,2025-01-24,Customer_0019,Electronics,Smartphone,West,3,83429.47,11139.79
ORD100281,2025-01-25,Customer_0387,Clothing,Shoes,South,6,15332.4,2850.38
ORD100278,2025-01-25,Customer_0002,Furniture,Desk,South,5,60102.54,9151.31
ORD100890,2025-01-25,Customer_0428,Electronics,Tablet,East,2,44971.04,7482.49
ORD100265,2025-01-25,Customer_0398,Clothing,Jacket,South,3,7866.29,1604.59
ORD100821,2025-01-26,Customer_0013,Clothing,Jacket,West,2,6175.37,1506.76
ORD100075,2025-01-26,Customer_0482,Furniture,Sofa,East,4,102481.43,20582.59
ORD100155,2025-01-27,Customer_0486,Clothing,Jacket,West,1,3447.97,757.43
ORD100036,2025-01-27,Customer_0264,Clothing,Jacket,South,2,5682.35,1339.34
ORD100432,2025-01-28,Customer_0109,Clothing,T-Shirt,West,5,4238.66,976.5
ORD100770,2025-01-28,Customer_0088,Clothing,Jeans,North,2,3202.85,659.8
ORD100395,2025-01-29,Customer_0154,Electronics,Smartphone,North,6,179361.59,23168.56
ORD100518,2025-01-29,Customer_0020,Clothing,Jacket,South,6,19936.97,4920.81
ORD100196,2025-01-30,Customer_0395,Electronics,Headphones,South,7,21938.12,2262.66
ORD100624,2025-01-30,Customer_0037,Furniture,Table,West,3,25502.04,6033.03
ORD100982,2025-01-30,Customer_0228,Clothing,Shoes,West,1,2304.86,480.44
ORD100535,2025-01-30,Customer_0228,Clothing,Jacket,South,5,14229.7,2629.71
ORD100291,2025-01-31,Customer_0321,Electronics,Monitor,South,3,43834.21,6019.08
ORD100703,2025-01-31,Customer_0158,Electronics,Smartphone,West,5,164456.26,19268.99
ORD100490,2025-02-01,Customer_0487,Clothing,Jacket,East,4,10944.54,2813.01
ORD100870,2025-02-01,Customer_0310,Clothing,Hoodie,East,5,10074.48,1786.46
ORD100804,2025-02-01,Customer_0401,Furniture,Bookshelf,West,6,37737.35,7111.36
ORD100918,2025-02-03,Customer_0258,Clothing,Shoes,East,4,11073.8,1893.59
ORD100374,2025-02-03,Customer_0418,Furniture,Office Chair,West,3,26868.8,3559.76
ORD100980,2025-02-04,Customer_0461,Furniture,Bookshelf,North,3,18518.81,3039.5
ORD100675,2025-02-04,Customer_0144,Furniture,Desk,East,6,61212.92,12111.31
ORD100062,2025-02-05,Customer_0325,Electronics,Tablet,South,7,148455.03,7881.86
ORD100706,2025-02-05,Customer_0021,Clothing,Shoes,South,7,19891.1,4035.97
ORD100140,2025-02-05,Customer_0441,Clothing,T-Shirt,South,6,5231.42,1238.77
ORD100181,2025-02-05,Customer_0041,Electronics,Smartphone,West,4,109517.91,9364.45
ORD100975,2025-02-07,Customer_0016,Electronics,Tablet,North,5,113768.15,16484.93
ORD100441,2025-02-07,Customer_0397,Electronics,Headphones,North,4,12798.78,1913.53
ORD100216,2025-02-07,Customer_0103,Electronics,Smartphone,South,7,181037.99,19523.94
ORD100593,2025-02-07,Customer_0054,Electronics,Headphones,East,5,17188.49,2096.23
ORD100493,2025-02-08,Customer_0284,Electronics,Monitor,West,6,82172.16,9348.96
ORD100961,2025-02-08,Customer_0421,Electronics,Laptop,East,4,220156.54,28628.52
ORD100056,2025-02-08,Customer_0064,Clothing,Hoodie,East,6,11937.73,1787.54
ORD100325,2025-02-09,Customer_0195,Clothing,Shoes,East,4,9210.77,2011.1
ORD100859,2025-02-09,Customer_0210,Furniture,Sofa,North,6,152056.32,32659.02
ORD100919,2025-02-10,Customer_0470,Clothing,T-Shirt,West,7,6615.49,1591.38
ORD100136,2025-02-11,Customer_0467,Electronics,Tablet,North,3,71277.24,7362.27
ORD100125,2025-02-11,Customer_0262,Electronics,Tablet,South,4,84431.31,11279.45
ORD100244,2025-02-11,Customer_0412,Electronics,Smartphone,South,4,114711.7,15747.0
ORD100827,2025-02-11,Customer_0273,Electronics,Smartphone,South,5,160975.73,16151.58
ORD100849,2025-02-11,Customer_0146,Furniture,Office Chair,North,4,34866.58,10030.77
ORD100385,2025-02-11,Customer_0434,Furniture,Bookshelf,North,4,24011.67,4225.27
ORD100383,2025-02-11,Customer_0113,Furniture,Bookshelf,South,7,44738.58,7856.94
ORD100013,2025-02-12,Customer_0317,Clothing,Shoes,South,5,12878.42,2468.43
ORD100298,2025-02-12,Customer_0062,Electronics,Tablet,East,3,58613.5,6343.19
ORD100420,2025-02-12,Customer_0134,Clothing,Jeans,West,1,1841.64,419.55
ORD100771,2025-02-12,Customer_0306,Electronics,Tablet,East,3,59994.43,6958.61
ORD100524,2025-02-13,Customer_0371,Clothing,Jacket,West,6,18985.72,4565.13
ORD100722,2025-02-13,Customer_0456,Electronics,Headphones,North,7,23715.91,3190.19
ORD100825,2025-02-13,Customer_0364,Furniture,Sofa,South,7,173164.41,17967.99
ORD100974,2025-02-15,Customer_0012,Electronics,Headphones,East,6,21113.47,2497.43
ORD100940,2025-02-16,Customer_0346,Furniture,Sofa,North,2,51375.75,7395.88
ORD100651,2025-02-16,Customer_0358,Electronics,Monitor,West,2,29474.93,4032.44
ORD100845,2025-02-16,Customer_0041,Electronics,Headphones,South,3,10888.11,1379.33
ORD100069,2025-02-16,Customer_0201,Electronics,Laptop,South,1,49668.8,4050.41
ORD100653,2025-02-16,Customer_0355,Furniture,Office Chair,West,7,69831.32,14580.6
ORD100394,2025-02-17,Customer_0260,Clothing,Hoodie,East,2,3718.92,897.42
ORD100103,2025-02-18,Customer_0132,Electronics,Smartphone,North,2,52944.8,6923.52
ORD100243,2025-02-18,Customer_0239,Clothing,T-Shirt,North,1,923.76,201.29
ORD100151,2025-02-18,Customer_0312,Clothing,Hoodie,North,2,3426.45,695.75
ORD100085,2025-02-18,Customer_0438,Electronics,Headphones,North,1,3109.74,341.14
ORD100450,2025-02-18,Customer_0042,Electronics,Monitor,North,7,83892.05,13836.62
ORD100803,2025-02-18,Customer_0421,Furniture,Table,West,7,78947.25,14037.4
ORD100680,2025-02-18,Customer_0474,Clothing,Hoodie,East,6,9786.28,1657.97
ORD100663,2025-02-19,Customer_0061,Furniture,Office Chair,South,2,18207.33,2616.44
ORD100090,2025-02-19,Customer_0361,Furniture,Desk,North,5,66711.47,10192.98
ORD100521,2025-02-19,Customer_0012,Furniture,Bookshelf,North,5,31290.3,3637.87
ORD100161,2025-02-19,Customer_0043,Electronics,Tablet,North,6,128627.1,11624.98
ORD100673,2025-02-20,Customer_0234,Electronics,Tablet,South,5,104631.91,11856.83
ORD100433,2025-02-20,Customer_0224,Furniture,Sofa,South,4,101654.01,22807.89
ORD100027,2025-02-20,Customer_0227,Electronics,Headphones,East,4,13142.46,1529.1
ORD100035,2025-02-21,Customer_0476,Clothing,Jacket,North,7,22441.3,6085.56
ORD100375,2025-02-21,Customer_0176,Electronics,Tablet,South,4,85845.48,7595.31
ORD100567,2025-02-23,Customer_0429,Electronics,Headphones,West,7,25756.95,2676.46
ORD100609,2025-02-24,Customer_0303,Furniture,Table,South,6,58541.46,7371.96
ORD100844,2025-02-24,Customer_0028,Clothing,Hoodie,East,5,10190.68,1641.07
ORD100190,2025-02-24,Customer_0039,Electronics,Headphones,East,5,15291.22,1546.99
ORD100311,2025-02-25,Customer_0420,Furniture,Office Chair,South,3,28380.52,5858.18
ORD100596,2025-02-26,Customer_0320,Furniture,Office Chair,West,6,54125.68,4367.25
ORD100702,2025-02-26,Customer_0233,Electronics,Headphones,East,7,22222.45,2430.59
ORD100786,2025-02-26,Customer_0137,Clothing,Jeans,West,3,5697.87,1383.62
ORD100164,2025-02-27,Customer_0353,Furniture,Bookshelf,West,7,48147.89,9272.4
ORD100819,2025-02-27,Customer_0405,Electronics,Laptop,East,3,187377.09,17196.87
ORD100885,2025-02-28,Customer_0274,Clothing,Shoes,West,2,5342.17,1082.44
ORD100797,2025-02-28,Customer_0177,Clothing,Jeans,East,6,9470.82,2291.62
ORD100301,2025-03-01,Customer_0223,Electronics,Smartphone,North,3,83137.88,13527.36
ORD100902,2025-03-01,Customer_0013,Electronics,Smartphone,South,3,85680.12,14522.48
ORD100617,2025-03-01,Customer_0327,Electronics,Tablet,South,7,151009.12,7458.81
ORD100393,2025-03-01,Customer_0045,Electronics,Monitor,West,1,14987.11,1903.6
ORD100094,2025-03-01,Customer_0093,Furniture,Bookshelf,South,7,44393.61,7411.79
ORD100767,2025-03-02,Customer_0294,Clothing,Shoes,South,7,18006.45,2644.06
ORD100661,2025-03-02,Customer_0290,Electronics,Laptop,South,7,414402.76,71064.36
ORD100768,2025-03-02,Customer_0209,Clothing,T-Shirt,East,6,5909.3,1264.83
ORD100348,2025-03-03,Customer_0196,Electronics,Headphones,South,7,26196.9,3348.34
ORD100338,2025-03-03,Customer_0100,Furniture,Bookshelf,South,2,12910.82,2631.32
ORD100876,2025-03-04,Customer_0343,Electronics,Headphones,South,6,19147.67,1547.1
ORD100335,2025-03-04,Customer_0160,Electronics,Laptop,North,4,210095.9,26880.97
ORD101000,2025-03-04,Customer_0489,Furniture,Sofa,West,3,76746.29,11839.72
ORD100356,2025-03-06,Customer_0157,Furniture,Office Chair,East,2,16055.93,4037.62
ORD100779,2025-03-06,Customer_0157,Furniture,Sofa,East,7,159464.6,31533.44
ORD100258,2025-03-07,Customer_0105,Furniture,Desk,South,6,65192.51,12565.14
ORD100560,2025-03-07,Customer_0391,Furniture,Desk,South,6,74253.16,10806.9
ORD100937,2025-03-07,Customer_0228,Electronics,Smartphone,West,4,128194.72,15152.19
ORD100822,2025-03-07,Customer_0101,Electronics,Tablet,East,5,122569.54,14100.68
ORD100787,2025-03-07,Customer_0411,Furniture,Office Chair,South,1,7718.44,1774.9
ORD100223,2025-03-07,Customer_0174,Electronics,Monitor,South,5,76503.18,9247.89
ORD100252,2025-03-08,Customer_0143,Electronics,Monitor,East,2,31846.75,2618.1
ORD100162,2025-03-08,Customer_0404,Furniture,Sofa,North,4,96618.23,15413.34
ORD100949,2025-03-08,Customer_0104,Clothing,T-Shirt,South,2,1636.68,447.64
ORD100133,2025-03-09,Customer_0218,Electronics,Tablet,South,4,75352.66,11653.73
ORD100283,2025-03-09,Customer_0350,Electronics,Laptop,West,6,367425.32,27278.41
ORD100089,2025-03-09,Customer_0015,Clothing,Jacket,West,3,9684.37,2519.01
ORD100808,2025-03-09,Customer_0413,Clothing,Shoes,East,4,10140.03,1857.94
ORD100101,2025-03-10,Customer_0157,Electronics,Headphones,East,1,3106.83,476.97
ORD100751,2025-03-10,Customer_0248,Electronics,Headphones,West,2,7577.99,1080.59
ORD100413,2025-03-10,Customer_0125,Clothing,T-Shirt,South,2,1827.29,366.63
ORD100677,2025-03-10,Customer_0188,Electronics,Tablet,North,6,121750.14,15148.27
ORD100148,2025-03-11,Customer_0432,Furniture,Bookshelf,North,6,47913.45,7430.46
ORD100576,2025-03-11,Customer_0294,Clothing,T-Shirt,South,4,4098.33,1086.85
ORD100685,2025-03-11,Customer_0290,Clothing,Hoodie,South,2,4005.98,1078.58
ORD100721,2025-03-11,Customer_0484,Clothing,Hoodie,South,7,12135.26,2670.45
ORD100736,2025-03-11,Customer_0022,Clothing,Hoodie,South,5,8766.49,2321.66
ORD100600,2025-03-12,Customer_0204,Electronics,Headphones,East,6,18312.19,3303.85
ORD100058,2025-03-12,Customer_0050,Electronics,Tablet,East,1,22433.92,2452.1
ORD100546,2025-03-13,Customer_0249,Electronics,Laptop,North,2,101826.39,7838.45
ORD100082,2025-03-13,Customer_0431,Furniture,Desk,West,7,79344.03,16742.92
ORD100843,2025-03-13,Customer_0359,Electronics,Tablet,North,2,47879.94,5618.45
ORD100145,2025-03-14,Customer_0424,Electronics,Laptop,North,7,356226.54,39039.52
ORD100256,2025-03-14,Customer_0447,Furniture,Table,West,1,10376.95,1516.79
ORD100681,2025-03-15,Customer_0013,Clothing,Hoodie,North,7,12809.98,3116.92
ORD100055,2025-03-15,Customer_0267,Furniture,Desk,East,4,48580.31,8127.04
ORD100838,2025-03-15,Customer_0293,Electronics,Monitor,North,4,61238.35,7045.26
ORD100573,2025-03-16,Customer_0328,Electronics,Headphones,North,3,10209.5,1222.24
ORD100656,2025-03-16,Customer_0398,Electronics,Headphones,North,5,18959.74,3008.99
ORD100923,2025-03-16,Customer_0138,Clothing,Jacket,North,4,13548.59,3809.66
ORD100909,2025-03-17,Customer_0044,Electronics,Smartphone,West,6,161936.99,25647.44
ORD100623,2025-03-17,Customer_0025,Electronics,Laptop,West,1,50373.98,7168.54
ORD100794,2025-03-17,Customer_0307,Furniture,Table,North,2,17483.48,2995.42
ORD100047,2025-03-18,Customer_0016,Electronics,Tablet,South,6,141065.99,11056.31
ORD100116,2025-03-18,Customer_0472,Clothing,T-Shirt,South,3,2698.49,625.59
ORD100654,2025-03-19,Customer_0072,Furniture,Desk,North,2,26635.46,3896.96
ORD100453,2025-03-19,Customer_0109,Furniture,Sofa,South,5,123444.45,25874.34
ORD100115,2025-03-19,Customer_0194,Furniture,Sofa,North,6,129371.05,23033.58
ORD100352,2025-03-20,Customer_0193,Clothing,Shoes,North,6,16368.75,3678.66
ORD100282,2025-03-20,Customer_0400,Electronics,Monitor,East,2,28554.55,4129.56
ORD100409,2025-03-20,Customer_0030,Clothing,Jeans,East,6,9745.09,1536.4
ORD100813,2025-03-20,Customer_0120,Electronics,Smartphone,North,3,80988.19,4300.79
ORD100319,2025-03-21,Customer_0030,Electronics,Monitor,East,2,24626.76,3766.45
ORD100765,2025-03-22,Customer_0096,Electronics,Tablet,North,5,105246.61,15322.18
ORD100246,2025-03-23,Customer_0084,Clothing,Hoodie,South,6,10977.19,1648.29
ORD100614,2025-03-23,Customer_0282,Electronics,Smartphone,West,7,198713.84,3577.06
ORD100378,2025-03-23,Customer_0204,Electronics,Tablet,West,4,89995.67,13769.12
ORD100750,2025-03-23,Customer_0338,Furniture,Sofa,South,3,72336.37,10552.56
ORD100992,2025-03-24,Customer_0456,Furniture,Office Chair,South,2,15937.05,2736.09
ORD100312,2025-03-24,Customer_0099,Electronics,Laptop,West,4,229360.09,29124.11
ORD100984,2025-03-25,Customer_0307,Electronics,Smartphone,East,2,60088.41,4530.78
ORD100728,2025-03-25,Customer_0014,Clothing,Jeans,North,2,3603.61,805.13
ORD100063,2025-03-25,Customer_0304,Clothing,Jacket,East,2,6192.84,1646.62
ORD100704,2025-03-25,Customer_0437,Electronics,Monitor,North,7,99312.15,897.3
ORD100211,2025-03-25,Customer_0445,Furniture,Bookshelf,North,6,37266.76,5911.25
ORD100122,2025-03-26,Customer_0072,Clothing,Shoes,West,7,19127.1,4416.6
ORD100842,2025-03-26,Customer_0304,Furniture,Table,North,7,67128.36,8909.98
ORD100563,2025-03-27,Customer_0048,Electronics,Tablet,West,4,96700.46,10966.88
ORD100773,2025-03-27,Customer_0425,Electronics,Smartphone,West,3,84597.24,9707.19
ORD100509,2025-03-27,Customer_0246,Clothing,Hoodie,West,5,8565.95,1934.88
ORD100793,2025-03-27,Customer_0399,Furniture,Table,North,5,48302.11,9213.97
ORD100763,2025-03-27,Customer_0154,Electronics,Monitor,East,4,52870.21,11442.84
ORD100345,2025-03-27,Customer_0156,Electronics,Headphones,North,4,12659.75,1286.27
ORD100419,2025-03-28,Customer_0087,Furniture,Desk,North,5,66509.97,8813.05
ORD100414,2025-03-28,Customer_0037,Furniture,Bookshelf,East,6,40832.81,8344.4
ORD100753,2025-03-28,Customer_0127,Furniture,Sofa,East,5,129787.58,12821.58
ORD100523,2025-03-29,Customer_0017,Clothing,T-Shirt,West,3,3060.47,712.96
ORD100832,2025-03-30,Customer_0201,Furniture,Table,South,4,39338.23,7285.86
ORD100565,2025-03-31,Customer_0328,Electronics,Smartphone,South,7,185140.29,28836.16
ORD100686,2025-03-31,Customer_0295,Furniture,Desk,North,3,40377.23,6583.74
ORD100659,2025-03-31,Customer_0173,Furniture,Bookshelf,East,6,41788.72,7183.67
ORD100049,2025-03-31,Customer_0062,Furniture,Sofa,East,5,110683.2,22138.88
ORD100972,2025-04-01,Customer_0313,Clothing,Shoes,South,7,15323.37,3675.11
ORD100816,2025-04-02,Customer_0175,Furniture,Desk,West,7,80776.47,12394.6
ORD100289,2025-04-02,Customer_0419,Electronics,Laptop,North,1,49807.07,6054.18
ORD100342,2025-04-02,Customer_0167,Furniture,Bookshelf,East,2,13577.2,3011.99
ORD100271,2025-04-05,Customer_0039,Clothing,Jeans,North,3,4672.86,785.31
ORD100522,2025-04-05,Customer_0070,Electronics,Smartphone,South,6,190277.43,18853.0
ORD100288,2025-04-06,Customer_0268,Furniture,Office Chair,North,1,7768.98,1272.09
ORD100321,2025-04-07,Customer_0364,Furniture,Desk,East,4,49430.78,12268.32
ORD100396,2025-04-07,Customer_0155,Clothing,Jeans,West,3,4805.76,729.35
ORD100826,2025-04-07,Customer_0011,Clothing,Hoodie,South,4,6610.27,1331.76
ORD100776,2025-04-08,Customer_0428,Electronics,Headphones,West,7,25941.19,1343.03
ORD100778,2025-04-08,Customer_0320,Furniture,Bookshelf,East,7,53762.77,11068.21
ORD100789,2025-04-08,Customer_0428,Furniture,Table,South,5,47241.52,9754.29
ORD100799,2025-04-09,Customer_0112,Furniture,Table,North,7,59626.99,10402.48
ORD100313,2025-04-09,Customer_0429,Electronics,Monitor,East,4,54501.25,7442.49
ORD100977,2025-04-10,Customer_0043,Furniture,Bookshelf,West,1,6965.35,1450.75
ORD100694,2025-04-10,Customer_0027,Electronics,Laptop,West,1,52036.62,6175.38
ORD100093,2025-04-10,Customer_0308,Clothing,Shoes,South,1,2589.38,717.36
ORD100866,2025-04-11,Customer_0137,Furniture,Bookshelf,East,1,7451.76,1761.1
ORD100327,2025-04-11,Customer_0172,Furniture,Desk,South,4,43378.06,6380.31
ORD100579,2025-04-11,Customer_0325,Furniture,Office Chair,West,4,33522.04,5780.59
ORD100415,2025-04-11,Customer_0170,Furniture,Office Chair,South,4,36230.87,8009.58
ORD100863,2025-04-11,Customer_0031,Furniture,Bookshelf,East,7,48744.24,9852.96
ORD100239,2025-04-11,Customer_0420,Furniture,Table,West,7,68794.12,14785.04
ORD100883,2025-04-12,Customer_0263,Electronics,Smartphone,North,2,60911.89,8683.49
ORD100172,2025-04-12,Customer_0106,Electronics,Tablet,South,7,152956.63,5365.15
ORD100989,2025-04-12,Customer_0225,Electronics,Monitor,East,4,48212.55,8482.58
ORD100135,2025-04-12,Customer_0136,Clothing,Shoes,East,6,13005.97,3101.0
ORD100324,2025-04-13,Customer_0451,Electronics,Headphones,West,1,3387.8,409.78
ORD100201,2025-04-14,Customer_0001,Furniture,Table,North,3,32296.2,5807.03
ORD100847,2025-04-14,Customer_0303,Electronics,Monitor,South,6,91688.45,11474.14
ORD100551,2025-04-14,Customer_0437,Furniture,Table,West,6,59558.56,12406.77
ORD100454,2025-04-15,Customer_0051,Clothing,T-Shirt,East,6,5504.64,1310.06
ORD100387,2025-04-15,Customer_0414,Electronics,Monitor,South,7,106238.25,14759.87
ORD100709,2025-04-16,Customer_0275,Electronics,Tablet,West,4,79256.58,6212.63
ORD100043,2025-04-16,Customer_0120,Electronics,Smartphone,North,7,236359.05,20159.21
ORD100187,2025-04-16,Customer_0423,Clothing,Hoodie,North,1,1716.56,326.16
ORD100718,2025-04-16,Customer_0446,Clothing,Jacket,East,6,16375.79,4004.74
ORD100727,2025-04-17,Customer_0370,Electronics,Headphones,West,4,13203.3,1183.16
ORD100665,2025-04-17,Customer_0123,Electronics,Headphones,South,3,11626.22,1071.18
ORD100865,2025-04-17,Customer_0016,Furniture,Desk,South,4,54728.71,8372.83
ORD100019,2025-04-17,Customer_0320,Furniture,Bookshelf,North,6,39396.25,7373.66
ORD100537,2025-04-18,Customer_0075,Clothing,Jeans,East,4,7743.94,1557.94
ORD100104,2025-04-18,Customer_0311,Furniture,Desk,South,7,83457.97,11822.39
ORD100054,2025-04-18,Customer_0035,Clothing,Jacket,West,4,10246.43,2294.79
ORD100929,2025-04-18,Customer_0017,Furniture,Bookshelf,South,1,6585.83,1240.82
ORD100421,2025-04-19,Customer_0196,Clothing,T-Shirt,North,2,2010.96,481.25
ORD100877,2025-04-19,Customer_0173,Furniture,Table,South,2,17005.66,3460.34
ORD100622,2025-04-19,Customer_0292,Electronics,Headphones,East,5,17073.15,2878.8
ORD100139,2025-04-19,Customer_0449,Electronics,Monitor,South,5,73688.92,8875.76
ORD100274,2025-04-20,Customer_0084,Clothing,Jeans,South,1,1790.98,298.29
ORD100993,2025-04-20,Customer_0045,Electronics,Laptop,South,1,47495.0,5826.75
ORD100541,2025-04-21,Customer_0407,Clothing,Jacket,North,2,6645.31,1253.49
ORD100442,2025-04-21,Customer_0162,Clothing,Jacket,South,1,2804.96,731.25
ORD100582,2025-04-21,Customer_0494,Clothing,Hoodie,East,1,1691.07,449.67
ORD100561,2025-04-22,Customer_0365,Furniture,Sofa,South,5,123533.69,22210.32
ORD100376,2025-04-22,Customer_0116,Electronics,Laptop,West,1,52653.89,4541.56
ORD100785,2025-04-22,Customer_0147,Electronics,Tablet,South,6,125780.01,11840.18
ORD100488,2025-04-23,Customer_0275,Electronics,Headphones,South,4,14963.1,1759.16
ORD100386,2025-04-23,Customer_0325,Clothing,Jeans,South,4,6886.44,1422.24
ORD100634,2025-04-23,Customer_0201,Furniture,Sofa,West,4,88574.22,22623.85
ORD100666,2025-04-23,Customer_0358,Electronics,Smartphone,North,1,26376.3,2288.09
ORD100639,2025-04-23,Customer_0194,Electronics,Tablet,South,7,164104.78,28204.46
ORD100857,2025-04-24,Customer_0489,Electronics,Tablet,South,3,59791.11,5749.02
ORD100221,2025-04-24,Customer_0153,Furniture,Bookshelf,West,6,44170.36,7038.71
ORD100482,2025-04-24,Customer_0338,Furniture,Desk,North,2,25914.18,5039.14
ORD100200,2025-04-25,Customer_0045,Clothing,Jeans,North,7,14261.57,3559.22
ORD100967,2025-04-25,Customer_0033,Furniture,Bookshelf,North,1,7883.13,1472.1
ORD100177,2025-04-26,Customer_0265,Furniture,Bookshelf,West,7,43514.31,3251.95
ORD100336,2025-04-26,Customer_0313,Electronics,Laptop,West,1,59660.03,6482.52
ORD100638,2025-04-26,Customer_0035,Electronics,Smartphone,South,5,155459.88,14289.9
ORD100815,2025-04-26,Customer_0394,Clothing,Jacket,West,4,11380.22,2317.04
ORD100626,2025-04-27,Customer_0399,Electronics,Laptop,South,2,121348.02,14415.02
ORD100280,2025-04-27,Customer_0166,Clothing,T-Shirt,East,6,4705.27,810.26
ORD100002,2025-04-27,Customer_0251,Clothing,Jeans,West,2,3248.62,803.79
ORD100958,2025-04-27,Customer_0222,Electronics,Tablet,East,6,125941.29,5325.46
ORD100760,2025-04-27,Customer_0479,Clothing,T-Shirt,East,7,6882.63,1584.41
ORD100022,2025-04-27,Customer_0308,Electronics,Smartphone,East,4,134409.51,17538.78
ORD100371,2025-04-27,Customer_0064,Electronics,Headphones,West,3,9581.19,1258.51
ORD100669,2025-04-28,Customer_0424,Electronics,Tablet,North,4,74984.33,8781.04
ORD100532,2025-04-28,Customer_0070,Clothing,Jacket,South,5,16626.38,3095.57
ORD100071,2025-04-28,Customer_0393,Clothing,Jacket,North,5,14748.47,3186.08
ORD100202,2025-04-28,Customer_0168,Electronics,Tablet,South,5,112858.59,18198.22
ORD100644,2025-04-28,Customer_0290,Electronics,Headphones,North,5,15157.61,1735.23
ORD100457,2025-04-29,Customer_0341,Electronics,Laptop,East,1,62123.72,4422.75
ORD100599,2025-04-29,Customer_0464,Electronics,Monitor,East,4,51799.54,5393.51
ORD100492,2025-04-29,Customer_0008,Furniture,Office Chair,North,7,59450.39,8754.31
ORD100107,2025-04-29,Customer_0028,Furniture,Sofa,East,3,65685.72,10133.2
ORD100715,2025-04-30,Customer_0183,Electronics,Laptop,South,6,370511.01,34205.26
ORD100390,2025-04-30,Customer_0443,Clothing,Shoes,South,7,18523.5,4035.57
ORD100208,2025-05-01,Customer_0445,Furniture,Table,West,5,54252.04,9781.61
ORD100079,2025-05-01,Customer_0008,Electronics,Headphones,East,7,23784.87,1605.29
ORD100571,2025-05-01,Customer_0225,Furniture,Sofa,South,3,80070.86,15942.31
ORD100189,2025-05-01,Customer_0041,Furniture,Table,South,7,70845.86,12116.63
ORD100489,2025-05-02,Customer_0165,Clothing,Shoes,West,1,2556.3,456.18
ORD100023,2025-05-04,Customer_0089,Electronics,Laptop,South,2,119642.31,18261.63
ORD100655,2025-05-04,Customer_0259,Furniture,Sofa,East,1,21324.33,4355.43
ORD100943,2025-05-04,Customer_0340,Furniture,Desk,North,3,37332.5,5863.1
ORD100481,2025-05-04,Customer_0252,Furniture,Table,North,7,75919.71,9457.65
ORD100332,2025-05-04,Customer_0360,Clothing,Jacket,South,3,10140.57,1637.18
ORD100080,2025-05-05,Customer_0301,Electronics,Monitor,West,7,103071.71,9558.94
ORD100126,2025-05-05,Customer_0214,Furniture,Desk,South,7,87552.33,15468.85
ORD100791,2025-05-05,Customer_0100,Electronics,Monitor,South,4,57844.85,8276.49
ORD100688,2025-05-06,Customer_0392,Electronics,Headphones,South,4,13286.65,1576.38
ORD100499,2025-05-06,Customer_0147,Clothing,Jeans,East,7,11460.83,2325.75
ORD100737,2025-05-07,Customer_0030,Electronics,Smartphone,East,7,181008.12,17505.34
ORD100287,2025-05-08,Customer_0425,Furniture,Office Chair,East,6,47487.72,8220.49
ORD100539,2025-05-08,Customer_0446,Furniture,Office Chair,West,5,51017.62,7272.22
ORD100947,2025-05-08,Customer_0175,Electronics,Monitor,North,4,53218.63,5837.77
ORD100887,2025-05-08,Customer_0028,Furniture,Desk,West,7,89827.51,17011.04
ORD100861,2025-05-09,Customer_0397,Clothing,Jacket,East,4,11250.88,2139.54
ORD100691,2025-05-09,Customer_0120,Electronics,Tablet,West,6,114584.99,15393.03
ORD100875,2025-05-09,Customer_0109,Electronics,Headphones,West,5,15523.11,945.39
ORD100547,2025-05-09,Customer_0499,Electronics,Tablet,West,7,171234.59,29251.0
ORD100391,2025-05-09,Customer_0067,Clothing,Jacket,South,1,3060.65,559.96
ORD100168,2025-05-10,Customer_0245,Electronics,Smartphone,East,5,169822.68,20003.53
ORD100392,2025-05-10,Customer_0075,Furniture,Table,South,6,65332.38,6047.68
ORD100260,2025-05-10,Customer_0450,Electronics,Tablet,East,1,22688.77,1522.06
ORD100307,2025-05-10,Customer_0277,Furniture,Sofa,South,2,48232.09,11550.63
ORD100300,2025-05-10,Customer_0127,Electronics,Laptop,West,4,221225.07,25716.47
ORD100153,2025-05-10,Customer_0141,Electronics,Headphones,North,3,9435.06,1074.29
ORD100891,2025-05-11,Customer_0149,Furniture,Table,South,6,57149.54,11941.34
ORD100752,2025-05-11,Customer_0354,Clothing,Shoes,North,3,7145.83,1576.93
ORD100908,2025-05-11,Customer_0053,Electronics,Headphones,North,1,3426.86,394.04
ORD100583,2025-05-12,Customer_0189,Furniture,Table,South,7,75785.61,10744.51
ORD100581,2025-05-12,Customer_0431,Furniture,Table,South,5,56630.87,13434.39
ORD100048,2025-05-12,Customer_0477,Furniture,Sofa,East,6,162591.94,35264.48
ORD100424,2025-05-13,Customer_0369,Furniture,Sofa,North,1,24472.55,3752.93
ORD100007,2025-05-13,Customer_0431,Electronics,Monitor,West,2,31279.23,5503.54
ORD100896,2025-05-13,Customer_0065,Electronics,Monitor,East,5,66384.7,7093.39
ORD100346,2025-05-13,Customer_0421,Furniture,Sofa,West,3,81731.05,14804.29
ORD100251,2025-05-14,Customer_0243,Electronics,Monitor,North,3,40918.18,2964.52
ORD100900,2025-05-14,Customer_0235,Electronics,Headphones,South,5,17360.54,2268.74
ORD100969,2025-05-14,Customer_0442,Furniture,Table,East,1,10158.44,1082.1
ORD100503,2025-05-15,Customer_0354,Electronics,Headphones,North,5,18819.21,3035.62
ORD100542,2025-05-16,Customer_0399,Furniture,Office Chair,North,1,8005.55,1502.45
ORD100193,2025-05-16,Customer_0267,Clothing,Jacket,South,2,5813.36,1288.2
ORD100041,2025-05-16,Customer_0086,Electronics,Laptop,North,6,289847.47,25135.03
ORD100446,2025-05-16,Customer_0379,Clothing,T-Shirt,North,5,4701.66,1103.1
ORD100146,2025-05-16,Customer_0142,Electronics,Tablet,West,6,116969.71,13027.69
ORD100658,2025-05-17,Customer_0461,Electronics,Monitor,West,4,64212.52,8270.32
ORD100871,2025-05-17,Customer_0440,Electronics,Tablet,West,4,88661.3,8872.27
ORD100662,2025-05-18,Customer_0045,Clothing,T-Shirt,South,3,2496.37,488.08
ORD100798,2025-05-18,Customer_0198,Furniture,Table,West,5,56162.39,9559.81
ORD100354,2025-05-18,Customer_0148,Electronics,Smartphone,West,1,26036.56,3713.08
ORD100114,2025-05-18,Customer_0492,Clothing,Hoodie,North,5,9864.18,2036.08
ORD100440,2025-05-18,Customer_0305,Electronics,Smartphone,East,1,30162.7,5571.88
ORD100430,2025-05-19,Customer_0500,Electronics,Monitor,East,3,38202.92,3919.05
ORD100930,2025-05-19,Customer_0268,Electronics,Tablet,West,7,155500.16,25480.2
ORD100463,2025-05-20,Customer_0139,Furniture,Bookshelf,East,6,38611.62,6904.24
ORD100070,2025-05-21,Customer_0445,Clothing,T-Shirt,East,6,6189.48,1669.41
ORD100031,2025-05-21,Customer_0222,Furniture,Table,East,5,52427.52,10281.53
ORD100290,2025-05-21,Customer_0235,Furniture,Bookshelf,North,3,21260.0,2527.82
ORD100279,2025-05-21,Customer_0093,Furniture,Office Chair,North,7,54722.58,9038.75
ORD100218,2025-05-22,Customer_0250,Furniture,Table,North,2,20097.7,3562.56
ORD100960,2025-05-22,Customer_0162,Furniture,Table,North,6,67607.61,14268.44
ORD100976,2025-05-22,Customer_0208,Electronics,Headphones,East,6,19340.64,4428.08
ORD100745,2025-05-22,Customer_0012,Electronics,Tablet,North,2,49910.69,3922.63
ORD100953,2025-05-23,Customer_0283,Electronics,Monitor,South,2,27464.47,1880.73
ORD100742,2025-05-23,Customer_0471,Electronics,Tablet,South,4,75937.84,10133.68
ORD100810,2025-05-23,Customer_0316,Electronics,Laptop,West,5,279454.44,21931.09
ORD100236,2025-05-23,Customer_0478,Furniture,Table,West,4,44828.84,10304.24
ORD100111,2025-05-23,Customer_0429,Electronics,Headphones,West,5,17732.81,2792.26
ORD100790,2025-05-24,Customer_0452,Clothing,Jeans,West,1,1560.1,238.71
ORD100545,2025-05-24,Customer_0192,Furniture,Sofa,South,2,52665.85,11051.21
ORD100042,2025-05-24,Customer_0425,Furniture,Office Chair,East,2,19790.2,3782.86
ORD100195,2025-05-24,Customer_0147,Electronics,Smartphone,North,5,133956.13,24779.56
ORD100192,2025-05-25,Customer_0192,Clothing,Hoodie,North,2,4040.66,625.99
ORD100636,2025-05-26,Customer_0257,Furniture,Office Chair,South,3,25775.54,3790.66
ORD100123,2025-05-26,Customer_0087,Electronics,Smartphone,East,6,184489.03,12330.9
ORD100098,2025-05-26,Customer_0307,Furniture,Desk,South,3,37264.74,5351.47
ORD100294,2025-05-26,Customer_0463,Electronics,Smartphone,West,5,165397.44,25670.9
ORD100045,2025-05-26,Customer_0255,Electronics,Laptop,West,3,145369.99,18407.69
ORD100981,2025-05-27,Customer_0135,Electronics,Headphones,North,3,11563.04,660.86
ORD100942,2025-05-28,Customer_0321,Furniture,Sofa,East,2,52500.28,10017.93
ORD100741,2025-05-28,Customer_0059,Furniture,Sofa,South,2,47784.91,9725.09
ORD100649,2025-05-28,Customer_0414,Clothing,Shoes,East,7,16666.53,4047.15
ORD100425,2025-05-28,Customer_0285,Electronics,Smartphone,East,3,96746.22,8635.64
ORD100497,2025-05-29,Customer_0164,Furniture,Office Chair,West,1,8744.38,1680.6
ORD100498,2025-05-29,Customer_0374,Electronics,Headphones,South,1,3257.62,288.55
ORD100461,2025-05-29,Customer_0021,Electronics,Headphones,West,4,15594.96,1410.09
ORD100210,2025-05-29,Customer_0268,Electronics,Laptop,North,2,124549.05,20855.12
ORD100108,2025-05-29,Customer_0260,Clothing,T-Shirt,East,1,780.4,216.92
ORD100314,2025-05-29,Customer_0375,Clothing,Hoodie,North,6,10766.45,2125.35
ORD100157,2025-05-29,Customer_0302,Furniture,Office Chair,West,7,60254.37,14670.09
ORD100353,2025-05-29,Customer_0047,Furniture,Sofa,East,5,138740.87,29802.32
ORD100510,2025-05-30,Customer_0149,Furniture,Office Chair,West,6,46911.39,9995.99
ORD100109,2025-05-30,Customer_0406,Electronics,Headphones,East,6,18514.55,2064.24
ORD100991,2025-05-30,Customer_0217,Clothing,Shoes,South,1,2750.62,605.98
ORD100926,2025-05-30,Customer_0387,Electronics,Smartphone,South,1,25975.44,1903.7
ORD100179,2025-05-30,Customer_0037,Clothing,T-Shirt,East,2,1617.84,369.72
ORD100220,2025-05-31,Customer_0008,Clothing,Jacket,East,6,20354.06,5113.4
ORD100504,2025-05-31,Customer_0267,Clothing,T-Shirt,South,7,7050.32,1833.44
ORD100302,2025-05-31,Customer_0409,Furniture,Bookshelf,North,1,6702.09,953.82
ORD100083,2025-06-01,Customer_0424,Electronics,Laptop,North,7,342635.75,40365.1
ORD100091,2025-06-01,Customer_0147,Electronics,Smartphone,South,2,59999.26,10473.33
ORD100422,2025-06-01,Customer_0274,Clothing,Jacket,East,5,15436.25,3763.48
ORD100705,2025-06-01,Customer_0269,Electronics,Laptop,West,4,192138.53,24472.88
ORD100621,2025-06-01,Customer_0065,Electronics,Tablet,East,2,40096.0,4494.84
ORD100766,2025-06-01,Customer_0214,Furniture,Office Chair,West,4,32203.87,5063.32
ORD100005,2025-06-02,Customer_0121,Electronics,Tablet,West,2,50142.0,4646.13
ORD100478,2025-06-02,Customer_0435,Furniture,Desk,West,6,75145.02,10385.29
ORD100004,2025-06-03,Customer_0375,Furniture,Sofa,West,4,104914.73,17716.08
ORD100744,2025-06-03,Customer_0466,Furniture,Desk,North,2,23223.97,4383.16
ORD100587,2025-06-03,Customer_0480,Electronics,Tablet,South,3,66876.3,9631.68
ORD100086,2025-06-03,Customer_0076,Electronics,Tablet,North,1,22518.05,3771.33
ORD100232,2025-06-03,Customer_0338,Furniture,Table,North,7,73023.09,10354.17
ORD100895,2025-06-03,Customer_0438,Furniture,Office Chair,East,5,39861.64,8657.67
ORD100988,2025-06-03,Customer_0264,Furniture,Sofa,East,1,22144.08,3876.24
ORD100807,2025-06-03,Customer_0218,Clothing,Jeans,North,5,9652.23,2435.48
ORD100341,2025-06-04,Customer_0408,Furniture,Table,South,4,36695.89,6960.51
ORD100316,2025-06-05,Customer_0437,Furniture,Office Chair,North,1,7714.81,1524.55
ORD100912,2025-06-05,Customer_0074,Electronics,Headphones,North,7,25494.63,4060.86
ORD100939,2025-06-05,Customer_0188,Electronics,Laptop,North,3,177979.5,19371.97
ORD100039,2025-06-05,Customer_0125,Furniture,Sofa,South,7,166743.37,34390.24
ORD100037,2025-06-06,Customer_0002,Electronics,Laptop,South,6,346340.54,53222.0
ORD100613,2025-06-07,Customer_0264,Furniture,Desk,South,1,12046.35,1881.96
ORD100044,2025-06-07,Customer_0127,Clothing,Jeans,East,7,13166.2,2604.92
ORD100188,2025-06-07,Customer_0183,Furniture,Sofa,South,1,27272.59,3834.2
ORD100250,2025-06-07,Customer_0378,Clothing,Shoes,North,3,7721.77,1557.24
ORD100879,2025-06-07,Customer_0162,Electronics,Headphones,East,5,20005.74,2126.3
ORD100248,2025-06-07,Customer_0225,Clothing,Jacket,East,1,3118.31,787.47
ORD100615,2025-06-08,Customer_0113,Clothing,T-Shirt,South,5,4629.67,1103.31
ORD100057,2025-06-08,Customer_0494,Electronics,Smartphone,South,7,238830.79,25413.47
ORD100112,2025-06-09,Customer_0067,Electronics,Monitor,North,1,12881.71,2119.25
ORD100296,2025-06-09,Customer_0357,Furniture,Office Chair,West,2,15716.81,3449.48
ORD100364,2025-06-09,Customer_0479,Furniture,Sofa,West,4,96880.03,16067.29
ORD100156,2025-06-09,Customer_0049,Electronics,Smartphone,West,3,88696.97,11596.63
ORD100738,2025-06-09,Customer_0191,Clothing,Jeans,South,7,11745.68,2880.82
ORD100468,2025-06-09,Customer_0092,Clothing,Shoes,North,7,19385.34,4265.67
ORD100106,2025-06-10,Customer_0348,Electronics,Smartphone,West,4,121489.48,22227.15
ORD100646,2025-06-10,Customer_0462,Clothing,Jacket,East,4,10340.25,2877.56
ORD100758,2025-06-10,Customer_0079,Furniture,Bookshelf,West,4,31254.74,2150.81
ORD100214,2025-06-10,Customer_0301,Electronics,Headphones,East,1,3161.01,248.83
ORD100612,2025-06-11,Customer_0370,Clothing,T-Shirt,West,7,6776.5,1689.53
ORD100881,2025-06-11,Customer_0216,Electronics,Tablet,South,2,46155.7,3878.97
ORD100916,2025-06-12,Customer_0102,Furniture,Sofa,North,7,165658.55,36950.08
ORD100712,2025-06-12,Customer_0214,Furniture,Bookshelf,East,7,49173.17,9665.93
ORD100257,2025-06-12,Customer_0285,Clothing,Hoodie,East,5,9193.34,2000.62
ORD100365,2025-06-13,Customer_0475,Clothing,T-Shirt,West,2,1601.83,313.93
ORD100270,2025-06-13,Customer_0377,Electronics,Headphones,West,7,23667.3,2483.63
ORD100144,2025-06-13,Customer_0355,Electronics,Laptop,North,6,373038.26,55128.95
ORD100099,2025-06-13,Customer_0038,Electronics,Laptop,South,4,243097.32,24001.58
ORD100462,2025-06-13,Customer_0300,Furniture,Table,South,3,25942.99,5172.22
ORD100841,2025-06-13,Customer_0101,Electronics,Laptop,North,3,182249.35,17487.65
ORD100747,2025-06-14,Customer_0415,Electronics,Headphones,North,3,11330.07,1767.83
ORD100245,2025-06-15,Customer_0424,Electronics,Tablet,West,1,23978.57,3121.56
ORD100127,2025-06-16,Customer_0153,Clothing,Shoes,North,1,2474.64,499.83
ORD100792,2025-06-16,Customer_0338,Furniture,Desk,North,5,55334.47,8403.19
ORD100830,2025-06-16,Customer_0281,Furniture,Sofa,North,6,142895.97,38469.79
ORD100095,2025-06-16,Customer_0406,Clothing,Hoodie,East,4,6175.49,1306.15
ORD100138,2025-06-16,Customer_0362,Furniture,Desk,West,3,34178.6,6252.84
ORD100818,2025-06-17,Customer_0213,Electronics,Laptop,East,4,209362.35,20333.53
ORD100455,2025-06-18,Customer_0250,Electronics,Headphones,North,5,18355.89,1906.43
ORD100772,2025-06-18,Customer_0264,Clothing,Hoodie,North,3,4974.72,1140.45
ORD100081,2025-06-19,Customer_0343,Clothing,Jacket,North,7,22147.81,5919.83
ORD100526,2025-06-20,Customer_0154,Furniture,Desk,West,7,84014.6,14953.87
ORD100485,2025-06-21,Customer_0249,Furniture,Desk,East,2,23233.6,4743.52
ORD100170,2025-06-21,Customer_0192,Furniture,Desk,West,4,54545.75,10321.38
ORD100066,2025-06-21,Customer_0451,Furniture,Table,West,2,17569.79,3211.64
ORD100284,2025-06-22,Customer_0296,Electronics,Headphones,West,5,17803.84,1140.77
ORD100997,2025-06-22,Customer_0104,Clothing,Jacket,East,4,11718.17,2641.7
ORD100630,2025-06-22,Customer_0136,Electronics,Laptop,East,5,239327.39,33968.09
ORD100363,2025-06-22,Customer_0495,Furniture,Sofa,East,2,52631.84,8354.7
ORD100412,2025-06-22,Customer_0122,Clothing,T-Shirt,East,2,1867.87,374.22
ORD100067,2025-06-22,Customer_0172,Electronics,Headphones,West,5,16528.32,2642.62
ORD100698,2025-06-23,Customer_0053,Furniture,Table,West,7,72833.04,13394.94
ORD100487,2025-06-23,Customer_0250,Electronics,Smartphone,South,7,220817.66,31581.72
ORD100102,2025-06-24,Customer_0179,Furniture,Table,North,3,34171.32,6399.13
ORD100925,2025-06-25,Customer_0409,Furniture,Table,South,1,9276.71,1429.62
ORD100864,2025-06-25,Customer_0386,Furniture,Table,East,1,9148.09,1494.83
ORD100774,2025-06-26,Customer_0390,Electronics,Monitor,West,7,102198.18,7742.51
ORD100334,2025-06-27,Customer_0048,Electronics,Headphones,North,3,9808.89,1422.83
ORD100309,2025-06-27,Customer_0107,Clothing,Hoodie,East,7,11000.15,2682.36
ORD100833,2025-06-27,Customer_0021,Electronics,Monitor,North,2,27908.01,4503.09
ORD100759,2025-06-27,Customer_0441,Clothing,Jeans,South,3,5603.2,1287.44
ORD100734,2025-06-27,Customer_0408,Furniture,Office Chair,West,5,39430.53,7504.58
ORD100917,2025-06-29,Customer_0280,Electronics,Smartphone,East,5,152688.51,23574.18
ORD100230,2025-06-29,Customer_0175,Furniture,Office Chair,West,3,24020.66,4500.83
ORD100361,2025-06-30,Customer_0419,Electronics,Headphones,West,2,8042.71,777.41
ORD100467,2025-06-30,Customer_0385,Electronics,Tablet,West,4,78446.51,11832.88
ORD100697,2025-07-01,Customer_0231,Electronics,Headphones,West,1,3103.62,450.95
ORD100717,2025-07-01,Customer_0032,Clothing,Jacket,South,1,3349.37,576.84
ORD100477,2025-07-02,Customer_0484,Electronics,Laptop,West,2,125726.51,5539.67
ORD100370,2025-07-02,Customer_0294,Electronics,Tablet,South,2,50488.23,7507.47
ORD100347,2025-07-02,Customer_0007,Furniture,Bookshelf,East,1,6651.8,1040.76
ORD100635,2025-07-02,Customer_0127,Electronics,Tablet,South,2,44163.59,4812.27
ORD100633,2025-07-02,Customer_0128,Furniture,Table,North,7,68541.25,14024.94
ORD100529,2025-07-03,Customer_0236,Electronics,Monitor,West,6,74422.81,12559.69
ORD100726,2025-07-03,Customer_0160,Clothing,Jeans,South,3,4861.46,884.72
ORD100608,2025-07-05,Customer_0222,Electronics,Tablet,North,3,68945.19,9299.76
ORD100580,2025-07-05,Customer_0013,Electronics,Laptop,South,5,254275.32,38856.25
ORD100544,2025-07-05,Customer_0203,Furniture,Sofa,West,1,26814.83,4291.11
ORD100130,2025-07-07,Customer_0061,Furniture,Table,West,6,61016.36,13391.4
ORD100616,2025-07-07,Customer_0488,Clothing,T-Shirt,West,2,2067.7,366.58
ORD100595,2025-07-07,Customer_0298,Clothing,Hoodie,North,7,12620.87,3282.83
ORD100366,2025-07-07,Customer_0126,Electronics,Laptop,East,3,148107.47,10346.27
ORD100701,2025-07-07,Customer_0401,Furniture,Table,North,5,56141.44,10156.95
ORD100898,2025-07-08,Customer_0021,Clothing,Hoodie,East,3,5557.65,1474.14
ORD100527,2025-07-08,Customer_0304,Furniture,Desk,North,5,62623.05,12172.0
ORD100458,2025-07-09,Customer_0430,Furniture,Desk,East,3,41367.05,8971.94
ORD100979,2025-07-09,Customer_0484,Furniture,Office Chair,North,2,15704.44,2593.88
ORD100915,2025-07-09,Customer_0165,Furniture,Table,North,3,25873.48,4660.08
ORD100231,2025-07-09,Customer_0340,Clothing,T-Shirt,South,4,3535.04,803.63
ORD100317,2025-07-09,Customer_0486,Furniture,Bookshelf,South,3,19962.84,2151.61
ORD100531,2025-07-10,Customer_0352,Clothing,Hoodie,South,3,5889.88,1475.7
ORD100954,2025-07-10,Customer_0181,Clothing,Jacket,South,1,3142.48,540.24
ORD100337,2025-07-10,Customer_0118,Clothing,T-Shirt,East,2,2065.96,497.28
ORD100367,2025-07-10,Customer_0395,Clothing,Shoes,South,3,8510.86,1915.83
ORD100948,2025-07-10,Customer_0465,Clothing,Jeans,South,3,5431.29,1471.04
ORD100682,2025-07-11,Customer_0184,Electronics,Smartphone,East,3,84366.75,11830.69
ORD100800,2025-07-11,Customer_0056,Clothing,Jacket,North,4,11941.9,2550.37
ORD100628,2025-07-11,Customer_0141,Furniture,Bookshelf,South,2,12604.82,2167.67
ORD100388,2025-07-11,Customer_0376,Electronics,Laptop,West,4,224216.93,33781.85
ORD100893,2025-07-15,Customer_0488,Clothing,Jeans,South,3,4700.87,824.92
ORD100761,2025-07-15,Customer_0241,Electronics,Laptop,South,7,335223.77,20390.49
ORD100149,2025-07-15,Customer_0237,Electronics,Monitor,South,6,80921.55,5340.97
ORD100373,2025-07-15,Customer_0392,Electronics,Laptop,West,7,404544.8,60434.23
ORD100233,2025-07-15,Customer_0146,Furniture,Sofa,South,1,24107.14,4536.59
ORD100733,2025-07-15,Customer_0053,Furniture,Sofa,West,5,126764.2,20444.98
ORD100834,2025-07-16,Customer_0340,Electronics,Monitor,North,6,80261.58,16215.08
ORD100647,2025-07-17,Customer_0384,Furniture,Desk,South,4,46442.08,6967.89
ORD100670,2025-07-17,Customer_0145,Electronics,Smartphone,East,1,29131.33,3743.61
ORD100777,2025-07-17,Customer_0377,Electronics,Tablet,North,7,147647.59,7122.15
ORD100652,2025-07-17,Customer_0075,Furniture,Desk,North,2,24064.04,3442.87
ORD100743,2025-07-18,Customer_0264,Furniture,Bookshelf,East,1,6326.1,918.52
ORD100408,2025-07-19,Customer_0245,Electronics,Tablet,East,4,99654.92,10274.53
ORD100418,2025-07-19,Customer_0035,Electronics,Headphones,South,1,2998.69,412.34
ORD100160,2025-07-19,Customer_0136,Furniture,Sofa,North,5,139372.76,22603.13
ORD100995,2025-07-20,Customer_0059,Electronics,Tablet,South,4,97081.43,4498.15
ORD100941,2025-07-20,Customer_0230,Electronics,Laptop,North,3,149755.16,17324.12
ORD100096,2025-07-21,Customer_0232,Furniture,Bookshelf,East,4,26190.15,2981.74
ORD100592,2025-07-21,Customer_0323,Furniture,Bookshelf,South,6,42258.85,6848.76
ORD100507,2025-07-22,Customer_0047,Clothing,Jeans,North,6,12278.39,2678.42
ORD100026,2025-07-22,Customer_0309,Clothing,Jeans,South,1,2040.8,650.02
ORD100740,2025-07-22,Customer_0205,Electronics,Tablet,South,6,149963.85,21506.23
ORD100403,2025-07-22,Customer_0306,Furniture,Desk,East,6,71918.77,10678.45
ORD100720,2025-07-24,Customer_0010,Furniture,Office Chair,South,6,50581.29,9982.38
ORD100999,2025-07-25,Customer_0413,Clothing,Jeans,South,1,1772.5,386.36
ORD100261,2025-07-25,Customer_0307,Furniture,Office Chair,North,3,29135.91,6426.75
ORD100965,2025-07-26,Customer_0224,Electronics,Headphones,South,4,13894.03,1559.79
ORD100186,2025-07-27,Customer_0059,Furniture,Office Chair,East,4,36831.4,2949.76
ORD100084,2025-07-27,Customer_0332,Electronics,Monitor,South,5,72780.32,9352.95
ORD100569,2025-07-28,Customer_0337,Clothing,T-Shirt,West,7,6041.04,1199.29
ORD100173,2025-07-28,Customer_0363,Furniture,Sofa,North,6,154581.3,14910.52
ORD100848,2025-07-29,Customer_0496,Clothing,Jeans,West,5,9931.61,2003.46
ORD100966,2025-07-29,Customer_0153,Electronics,Monitor,East,2,26625.12,3259.66
ORD100578,2025-07-30,Customer_0443,Clothing,Jeans,North,2,3741.89,994.81
ORD100901,2025-07-30,Customer_0227,Electronics,Smartphone,South,2,66381.85,9330.55
ORD100431,2025-07-30,Customer_0401,Electronics,Headphones,West,2,6468.4,1036.49
ORD100620,2025-07-30,Customer_0067,Furniture,Bookshelf,East,7,42454.57,7832.94
ORD100935,2025-07-31,Customer_0171,Electronics,Laptop,North,2,113867.41,12884.16
ORD100812,2025-08-01,Customer_0217,Clothing,Jeans,North,5,8177.74,1976.48
ORD100707,2025-08-01,Customer_0403,Electronics,Laptop,North,6,304949.16,53592.82
ORD100519,2025-08-01,Customer_0425,Clothing,Hoodie,South,1,1992.9,365.88
ORD100358,2025-08-01,Customer_0444,Furniture,Bookshelf,East,2,14204.07,2170.7
ORD100484,2025-08-01,Customer_0214,Furniture,Desk,West,7,95734.1,18503.41
ORD100905,2025-08-01,Customer_0118,Furniture,Office Chair,West,2,19494.71,3203.0
ORD100360,2025-08-01,Customer_0476,Furniture,Bookshelf,North,6,42247.11,7865.0
ORD100073,2025-08-02,Customer_0035,Electronics,Smartphone,West,2,66725.13,10890.63
ORD100814,2025-08-02,Customer_0439,Clothing,Shoes,West,7,19686.57,4395.11
ORD100809,2025-08-02,Customer_0417,Furniture,Bookshelf,North,4,31229.62,6570.93
ORD100407,2025-08-02,Customer_0399,Electronics,Laptop,South,1,56399.66,6970.26
ORD100990,2025-08-03,Customer_0471,Clothing,Hoodie,West,2,3116.96,765.76
ORD100169,2025-08-03,Customer_0433,Electronics,Laptop,South,2,114909.26,15380.94
ORD100249,2025-08-04,Customer_0332,Clothing,Jacket,West,4,13023.86,2805.02
ORD100906,2025-08-04,Customer_0054,Clothing,Shoes,East,2,5521.32,1260.79
ORD100605,2025-08-04,Customer_0184,Electronics,Smartphone,East,5,162827.88,15737.05
ORD100456,2025-08-05,Customer_0497,Furniture,Desk,North,5,63223.2,13054.31
ORD100719,2025-08-05,Customer_0074,Electronics,Smartphone,East,2,56115.32,7752.92
ORD100914,2025-08-06,Customer_0013,Furniture,Bookshelf,West,1,6394.67,1272.66
ORD100134,2025-08-06,Customer_0283,Electronics,Headphones,North,5,16532.81,1858.29
ORD100754,2025-08-06,Customer_0075,Electronics,Headphones,South,3,9529.85,1404.62
ORD100971,2025-08-07,Customer_0244,Furniture,Office Chair,West,2,17919.1,3153.44
ORD100349,2025-08-07,Customer_0421,Electronics,Smartphone,West,4,117120.4,6912.71
ORD100559,2025-08-07,Customer_0260,Clothing,Shoes,West,6,15050.01,3421.34
ORD100074,2025-08-08,Customer_0465,Clothing,Jacket,South,3,10338.04,1900.97
ORD100443,2025-08-08,Customer_0365,Electronics,Smartphone,West,7,203719.71,20310.74
ORD100860,2025-08-08,Customer_0229,Electronics,Monitor,East,6,76542.42,12865.79
ORD100711,2025-08-08,Customer_0281,Clothing,T-Shirt,South,5,3842.86,704.73
ORD100713,2025-08-08,Customer_0031,Furniture,Sofa,South,1,27020.82,5138.9
ORD100003,2025-08-09,Customer_0124,Furniture,Desk,South,3,33796.07,5280.55
ORD100330,2025-08-09,Customer_0063,Electronics,Tablet,South,2,44619.46,5428.5
ORD100602,2025-08-09,Customer_0169,Electronics,Laptop,North,5,282867.73,41585.2
ORD100382,2025-08-09,Customer_0388,Furniture,Office Chair,North,7,64328.42,12363.98
ORD100491,2025-08-10,Customer_0341,Furniture,Table,East,1,10013.37,1595.94
ORD100884,2025-08-11,Customer_0292,Electronics,Laptop,East,1,49276.88,7514.16
ORD100445,2025-08-11,Customer_0309,Clothing,T-Shirt,West,5,3843.71,959.98
ORD100575,2025-08-11,Customer_0063,Clothing,Shoes,North,4,8641.59,1817.2
ORD100506,2025-08-12,Customer_0173,Electronics,Smartphone,East,6,162871.92,23899.03
ORD100552,2025-08-12,Customer_0462,Clothing,Jeans,North,6,11931.08,2380.78
ORD100968,2025-08-13,Customer_0055,Electronics,Monitor,North,5,59752.06,12172.92
ORD100217,2025-08-14,Customer_0476,Electronics,Headphones,South,5,17003.47,2905.29
ORD100907,2025-08-14,Customer_0138,Clothing,Jacket,West,4,10854.54,1897.7
ORD100105,2025-08-14,Customer_0455,Clothing,Hoodie,West,7,12923.43,2444.77
ORD100472,2025-08-14,Customer_0483,Clothing,Shoes,South,7,18854.71,3845.37
ORD100897,2025-08-15,Customer_0356,Electronics,Tablet,South,7,168587.44,28202.82
ORD100380,2025-08-15,Customer_0321,Electronics,Laptop,West,7,381735.95,60130.11
ORD100586,2025-08-15,Customer_0114,Electronics,Monitor,South,1,11945.0,1637.95
ORD100956,2025-08-15,Customer_0187,Electronics,Smartphone,North,4,111963.15,13889.46
ORD100828,2025-08-15,Customer_0452,Electronics,Tablet,North,4,99067.09,13550.16
ORD100011,2025-08-16,Customer_0422,Electronics,Laptop,East,4,191580.01,15270.77
ORD100631,2025-08-16,Customer_0389,Furniture,Table,East,5,53360.44,9689.97
ORD100429,2025-08-16,Customer_0126,Electronics,Tablet,North,4,81896.26,8408.8
ORD100725,2025-08-16,Customer_0148,Furniture,Office Chair,North,6,57098.2,10554.75
ORD100344,2025-08-17,Customer_0440,Furniture,Bookshelf,North,6,48025.58,12171.02
ORD100142,2025-08-17,Customer_0109,Electronics,Smartphone,South,6,177525.92,9893.06
ORD100606,2025-08-17,Customer_0286,Furniture,Sofa,East,2,45435.69,7012.82
ORD100540,2025-08-17,Customer_0216,Electronics,Tablet,East,6,124591.61,22447.23
ORD100159,2025-08-18,Customer_0190,Electronics,Tablet,South,7,136219.75,17673.45
ORD100589,2025-08-18,Customer_0349,Electronics,Headphones,South,5,16812.97,2057.48
ORD100351,2025-08-18,Customer_0321,Furniture,Sofa,West,7,192462.12,27286.46
ORD100212,2025-08-19,Customer_0240,Furniture,Sofa,East,2,55627.0,10995.06
ORD100333,2025-08-19,Customer_0075,Electronics,Tablet,South,6,115080.3,15437.73
ORD100689,2025-08-19,Customer_0215,Clothing,Jeans,North,4,6350.69,1261.93
ORD100558,2025-08-19,Customer_0239,Electronics,Smartphone,East,1,31983.46,4768.94
ORD100141,2025-08-20,Customer_0093,Clothing,Jacket,West,2,6461.26,1360.72
ORD100811,2025-08-20,Customer_0475,Clothing,Jeans,North,5,9093.31,2187.62
ORD100427,2025-08-20,Customer_0059,Furniture,Bookshelf,East,7,50060.21,9853.15
ORD100379,2025-08-20,Customer_0486,Clothing,Jacket,North,2,5390.62,1277.88
ORD100400,2025-08-20,Customer_0475,Clothing,Hoodie,West,4,7229.61,1315.7
ORD100495,2025-08-21,Customer_0145,Furniture,Table,North,7,75149.51,12428.97
ORD100381,2025-08-21,Customer_0031,Electronics,Smartphone,South,2,60962.49,5439.38
ORD100564,2025-08-22,Customer_0329,Electronics,Monitor,North,7,104156.03,16848.17
ORD100511,2025-08-23,Customer_0246,Furniture,Table,West,7,69709.65,13769.68
ORD100505,2025-08-24,Customer_0310,Furniture,Office Chair,South,1,9934.54,1305.64
ORD100197,2025-08-25,Customer_0333,Furniture,Bookshelf,East,6,41152.92,7874.86
ORD100222,2025-08-25,Customer_0347,Furniture,Table,East,2,19887.67,4066.12
ORD100846,2025-08-26,Customer_0355,Furniture,Table,West,6,64349.29,11501.05
ORD100502,2025-08-26,Customer_0117,Furniture,Office Chair,East,2,17299.25,4370.26
ORD100277,2025-08-26,Customer_0117,Clothing,Jacket,West,5,13403.97,2486.93
ORD100038,2025-08-27,Customer_0361,Electronics,Laptop,East,7,391534.81,43736.23
ORD100242,2025-08-27,Customer_0147,Clothing,Hoodie,East,1,1976.22,414.59
ORD100650,2025-08-28,Customer_0479,Furniture,Bookshelf,South,6,41296.71,5075.5
ORD100060,2025-08-29,Customer_0255,Electronics,Smartphone,East,7,183858.55,17570.08
ORD100128,2025-08-29,Customer_0210,Clothing,Jeans,East,5,8162.83,1865.4
ORD100100,2025-08-30,Customer_0276,Electronics,Headphones,East,7,22267.41,2565.07
ORD100398,2025-08-30,Customer_0363,Furniture,Office Chair,East,5,43907.84,4494.31
ORD100359,2025-08-30,Customer_0402,Clothing,Jeans,South,6,10484.88,2364.33
ORD100574,2025-08-31,Customer_0147,Furniture,Sofa,North,3,83693.56,15527.93
ORD100801,2025-08-31,Customer_0460,Furniture,Bookshelf,West,5,31044.1,4669.08
ORD100240,2025-09-01,Customer_0082,Electronics,Laptop,North,4,190191.94,20913.92
ORD100674,2025-09-02,Customer_0380,Furniture,Office Chair,East,6,59305.88,10263.66
ORD100868,2025-09-03,Customer_0166,Electronics,Headphones,South,2,6846.92,974.04
ORD100350,2025-09-03,Customer_0056,Furniture,Office Chair,West,7,64481.0,10374.25
ORD100886,2025-09-04,Customer_0003,Electronics,Headphones,North,7,25236.85,2009.55
ORD100404,2025-09-04,Customer_0262,Clothing,Jeans,North,5,8421.19,1518.78
ORD100945,2025-09-04,Customer_0156,Electronics,Tablet,West,5,109662.93,9553.7
ORD100913,2025-09-05,Customer_0046,Furniture,Table,South,3,27268.38,4469.51
ORD100739,2025-09-05,Customer_0260,Furniture,Table,West,1,11366.95,1540.79
ORD100823,2025-09-05,Customer_0417,Electronics,Laptop,North,5,237842.49,38250.54
ORD100205,2025-09-05,Customer_0332,Furniture,Sofa,North,1,24826.29,6092.59
ORD100938,2025-09-05,Customer_0378,Clothing,Jacket,North,4,13521.37,3212.79
ORD100227,2025-09-06,Customer_0431,Clothing,Shoes,East,5,10948.0,2597.46
ORD100730,2025-09-07,Customer_0412,Electronics,Laptop,North,3,176853.73,19636.1
ORD100970,2025-09-08,Customer_0007,Furniture,Desk,North,6,77198.33,15741.73
ORD100640,2025-09-08,Customer_0191,Electronics,Monitor,West,5,61822.68,6805.9
ORD100641,2025-09-08,Customer_0104,Electronics,Smartphone,East,6,154921.87,15523.92
ORD100320,2025-09-09,Customer_0188,Electronics,Monitor,East,5,79591.13,10085.5
ORD100963,2025-09-09,Customer_0391,Electronics,Monitor,West,5,74979.78,10479.89
ORD100377,2025-09-09,Customer_0440,Clothing,Shoes,East,5,12851.68,3313.19
ORD100310,2025-09-10,Customer_0146,Electronics,Headphones,East,5,14896.98,1186.11
ORD100267,2025-09-10,Customer_0051,Furniture,Table,West,6,53940.6,12558.43
ORD100668,2025-09-11,Customer_0066,Electronics,Laptop,West,7,367164.44,37853.98
ORD100117,2025-09-11,Customer_0162,Clothing,Hoodie,North,5,9511.14,2389.16
ORD100824,2025-09-11,Customer_0024,Electronics,Tablet,West,3,61189.84,8479.94
ORD100610,2025-09-11,Customer_0163,Furniture,Sofa,West,7,172796.5,27841.72
ORD100299,2025-09-11,Customer_0049,Furniture,Office Chair,East,7,55880.06,10019.54
ORD100459,2025-09-12,Customer_0383,Electronics,Tablet,North,2,46906.08,3667.67
ORD100263,2025-09-13,Customer_0461,Electronics,Headphones,South,4,12852.45,1191.83
ORD100369,2025-09-13,Customer_0369,Electronics,Headphones,North,3,11782.18,1626.19
ORD100447,2025-09-13,Customer_0343,Clothing,Jacket,North,2,6303.98,1410.58
ORD100508,2025-09-13,Customer_0140,Clothing,Shoes,South,3,7222.52,1449.67
ORD100339,2025-09-13,Customer_0380,Furniture,Table,West,1,11122.92,2121.8
ORD100465,2025-09-15,Customer_0324,Clothing,Jeans,North,4,6673.37,1566.4
ORD100171,2025-09-15,Customer_0318,Furniture,Desk,East,7,75216.09,16919.36
ORD100118,2025-09-15,Customer_0347,Electronics,Smartphone,West,1,27770.81,3336.61
ORD100517,2025-09-15,Customer_0184,Electronics,Smartphone,East,1,28222.2,3170.47
ORD100226,2025-09-15,Customer_0493,Electronics,Smartphone,North,6,206056.15,40565.82
ORD100664,2025-09-16,Customer_0083,Electronics,Headphones,East,3,12050.23,1726.65
ORD100165,2025-09-16,Customer_0090,Electronics,Smartphone,South,1,31334.1,6336.31
ORD100855,2025-09-16,Customer_0380,Electronics,Headphones,South,1,3349.83,244.86
ORD100594,2025-09-17,Customer_0394,Electronics,Monitor,West,7,109169.49,11917.19
ORD100323,2025-09-17,Customer_0288,Furniture,Bookshelf,South,1,6612.26,1038.88
ORD100322,2025-09-17,Customer_0354,Furniture,Office Chair,South,2,19234.74,4152.37
ORD100882,2025-09-17,Customer_0264,Furniture,Bookshelf,North,5,38560.55,6437.13
ORD100648,2025-09-17,Customer_0260,Furniture,Desk,East,5,65443.23,11861.25
ORD100867,2025-09-17,Customer_0329,Electronics,Tablet,West,4,100068.36,12804.98
ORD100687,2025-09-17,Customer_0451,Furniture,Office Chair,East,1,8980.98,1916.85
ORD100434,2025-09-18,Customer_0496,Electronics,Monitor,East,3,43108.69,5608.68
ORD100683,2025-09-18,Customer_0111,Electronics,Laptop,West,5,268185.07,37601.62
ORD100435,2025-09-18,Customer_0278,Electronics,Headphones,South,6,20536.95,1632.71
ORD100549,2025-09-18,Customer_0465,Furniture,Desk,South,2,20786.17,3307.61
ORD100235,2025-09-19,Customer_0324,Electronics,Tablet,North,2,45312.89,4111.59
ORD100829,2025-09-19,Customer_0431,Furniture,Bookshelf,East,1,6839.92,602.81
ORD100852,2025-09-20,Customer_0227,Furniture,Table,East,4,42085.07,7918.32
ORD100121,2025-09-20,Customer_0257,Clothing,Shoes,West,6,16790.71,3918.04
ORD100318,2025-09-20,Customer_0122,Electronics,Smartphone,North,4,108374.96,11801.25
ORD100052,2025-09-20,Customer_0158,Clothing,T-Shirt,East,6,5167.69,1110.68
ORD100064,2025-09-20,Customer_0276,Electronics,Tablet,West,1,21265.59,2384.91
ORD100178,2025-09-21,Customer_0344,Electronics,Laptop,West,2,106427.5,14898.92
ORD100158,2025-09-21,Customer_0369,Clothing,Jeans,East,5,8731.9,1816.23
ORD100406,2025-09-21,Customer_0125,Clothing,Shoes,North,5,10714.8,2040.62
ORD100899,2025-09-22,Customer_0252,Electronics,Headphones,South,7,23718.22,4227.31
ORD100460,2025-09-23,Customer_0492,Electronics,Headphones,South,1,3276.58,425.97
ORD100305,2025-09-23,Customer_0294,Furniture,Office Chair,North,6,61273.49,9752.06
ORD100264,2025-09-23,Customer_0266,Furniture,Office Chair,South,1,9449.61,1768.15
ORD100836,2025-09-24,Customer_0211,Furniture,Table,East,5,51034.33,10880.95
ORD100308,2025-09-24,Customer_0438,Electronics,Monitor,West,6,85379.24,9044.84
ORD100851,2025-09-25,Customer_0462,Electronics,Tablet,West,4,85409.53,6528.79
ORD100494,2025-09-25,Customer_0005,Electronics,Monitor,West,5,73049.59,6432.13
ORD100837,2025-09-25,Customer_0140,Clothing,Shoes,South,6,16179.79,3633.56
ORD100150,2025-09-26,Customer_0340,Electronics,Monitor,East,3,36481.66,4172.7
ORD100516,2025-09-26,Customer_0465,Electronics,Headphones,West,5,19471.32,2129.83
ORD100466,2025-09-26,Customer_0499,Electronics,Laptop,East,4,201562.97,20110.5
ORD100880,2025-09-26,Customer_0393,Electronics,Monitor,West,4,51671.54,4359.95
ORD100987,2025-09-27,Customer_0331,Furniture,Table,South,4,40921.7,6314.29
ORD100817,2025-09-27,Customer_0023,Furniture,Desk,West,6,77612.19,17639.69
ORD100714,2025-09-27,Customer_0337,Furniture,Bookshelf,West,2,15826.14,3379.27
ORD100272,2025-09-27,Customer_0028,Clothing,Jeans,North,7,12213.66,2597.89
ORD100028,2025-09-28,Customer_0489,Furniture,Table,West,5,42516.68,8238.28
ORD100012,2025-09-28,Customer_0437,Clothing,Hoodie,North,3,4735.6,571.27
ORD100077,2025-09-28,Customer_0480,Clothing,T-Shirt,West,7,5972.92,1286.41
ORD100932,2025-09-28,Customer_0372,Clothing,Hoodie,East,5,9271.57,2354.38
ORD100475,2025-09-28,Customer_0354,Furniture,Sofa,West,6,145980.72,22162.65
ORD100215,2025-09-29,Customer_0090,Furniture,Sofa,South,6,159992.97,36834.87
ORD100936,2025-09-29,Customer_0409,Electronics,Laptop,North,2,125504.02,19717.08
ORD100326,2025-09-30,Customer_0156,Furniture,Bookshelf,North,7,43075.4,5368.22
ORD100927,2025-09-30,Customer_0111,Electronics,Headphones,West,3,11212.17,1194.11
ORD100476,2025-09-30,Customer_0139,Clothing,Jacket,East,4,10954.88,2822.96
ORD100598,2025-09-30,Customer_0277,Electronics,Monitor,North,3,48082.52,5591.82
ORD100869,2025-10-02,Customer_0459,Clothing,Jacket,West,2,5955.18,1138.79
ORD100032,2025-10-02,Customer_0041,Electronics,Tablet,North,2,45764.99,5803.89
ORD100994,2025-10-02,Customer_0214,Furniture,Desk,South,2,23552.88,3817.65
ORD100262,2025-10-03,Customer_0331,Clothing,Jacket,West,6,18126.37,4605.16
ORD100426,2025-10-04,Customer_0077,Furniture,Desk,East,4,53947.8,9899.21
ORD100401,2025-10-04,Customer_0234,Electronics,Smartphone,North,1,28093.66,4605.65
ORD100030,2025-10-04,Customer_0334,Electronics,Headphones,West,4,12815.14,1619.11
ORD100072,2025-10-04,Customer_0324,Electronics,Tablet,East,1,22210.35,2837.47
ORD100805,2025-10-04,Customer_0186,Furniture,Desk,North,2,27353.99,5004.62
ORD100911,2025-10-04,Customer_0053,Furniture,Table,West,5,50530.22,11809.26
ORD100483,2025-10-05,Customer_0104,Furniture,Office Chair,North,5,47587.35,8209.18
ORD100525,2025-10-05,Customer_0147,Clothing,Jeans,East,6,10254.44,2219.92
ORD100831,2025-10-06,Customer_0094,Electronics,Smartphone,West,7,239077.7,33132.8
ORD100924,2025-10-06,Customer_0163,Clothing,Jacket,North,7,21173.8,5429.01
ORD100198,2025-10-06,Customer_0127,Clothing,Hoodie,West,3,5555.0,871.38
ORD100129,2025-10-07,Customer_0401,Electronics,Headphones,East,3,11135.48,1312.72
ORD100692,2025-10-07,Customer_0382,Furniture,Office Chair,North,1,8453.66,1627.28
ORD100985,2025-10-08,Customer_0457,Furniture,Office Chair,West,1,9725.62,2107.51
ORD100538,2025-10-08,Customer_0417,Electronics,Laptop,South,6,360882.68,51584.26
ORD100894,2025-10-08,Customer_0310,Electronics,Headphones,North,1,3917.27,499.06
ORD100266,2025-10-08,Customer_0210,Furniture,Sofa,North,2,49127.51,9162.24
ORD100024,2025-10-08,Customer_0142,Electronics,Smartphone,North,7,221110.75,23320.88
ORD100372,2025-10-09,Customer_0325,Electronics,Monitor,West,1,13392.85,1357.43
ORD100520,2025-10-10,Customer_0046,Electronics,Smartphone,North,6,194291.15,36542.63
ORD100856,2025-10-10,Customer_0455,Electronics,Laptop,North,7,400562.95,54127.1
ORD100888,2025-10-10,Customer_0326,Electronics,Headphones,South,4,15132.94,1379.76
ORD100820,2025-10-11,Customer_0235,Electronics,Headphones,South,5,18749.12,2299.57
ORD100996,2025-10-11,Customer_0132,Electronics,Headphones,North,7,22753.7,4356.79
ORD100402,2025-10-11,Customer_0051,Clothing,T-Shirt,West,4,3066.98,776.27
ORD100515,2025-10-12,Customer_0005,Electronics,Tablet,North,2,48076.51,6133.79
ORD100910,2025-10-13,Customer_0303,Electronics,Monitor,East,7,104074.16,4507.05
ORD100176,2025-10-13,Customer_0233,Electronics,Headphones,East,5,16649.94,1085.61
ORD100209,2025-10-13,Customer_0109,Electronics,Tablet,South,7,143700.6,9343.29
ORD100183,2025-10-14,Customer_0344,Clothing,T-Shirt,East,5,4570.69,1023.24
ORD100303,2025-10-14,Customer_0279,Furniture,Office Chair,East,6,61929.99,9494.6
ORD100470,2025-10-15,Customer_0280,Clothing,T-Shirt,West,5,4736.11,883.21
ORD100471,2025-10-15,Customer_0125,Electronics,Tablet,West,3,60833.51,6045.23
ORD100137,2025-10-15,Customer_0380,Furniture,Table,South,4,42425.29,6671.63
ORD100286,2025-10-15,Customer_0081,Electronics,Tablet,West,3,57064.16,8309.59
ORD100213,2025-10-15,Customer_0417,Furniture,Office Chair,South,7,71900.77,9008.72
ORD100486,2025-10-15,Customer_0152,Clothing,Jacket,East,7,18673.52,4281.77
ORD100934,2025-10-16,Customer_0029,Furniture,Bookshelf,North,7,47232.14,6205.1
ORD100269,2025-10-16,Customer_0201,Electronics,Laptop,North,3,150263.55,20706.51
ORD100764,2025-10-16,Customer_0274,Furniture,Desk,North,4,49953.29,8457.27
ORD100405,2025-10-17,Customer_0315,Electronics,Tablet,East,6,141290.49,18687.5
ORD100033,2025-10-17,Customer_0196,Electronics,Monitor,East,6,86355.23,7280.67
ORD100120,2025-10-18,Customer_0361,Furniture,Table,West,2,20681.83,4908.68
ORD100040,2025-10-18,Customer_0110,Furniture,Sofa,East,7,155815.25,29569.74
ORD100247,2025-10-18,Customer_0113,Furniture,Sofa,North,7,192111.45,27040.93
ORD100174,2025-10-18,Customer_0310,Electronics,Monitor,South,4,57373.18,5889.03
ORD100451,2025-10-19,Customer_0354,Clothing,Jeans,East,5,8065.22,2139.9
ORD100219,2025-10-19,Customer_0453,Furniture,Office Chair,West,5,46088.71,5324.79
ORD100025,2025-10-19,Customer_0203,Furniture,Office Chair,North,4,37940.04,7759.67
ORD100110,2025-10-20,Customer_0076,Electronics,Laptop,South,5,282060.98,33869.9
ORD100009,2025-10-20,Customer_0398,Furniture,Sofa,North,7,178355.78,37486.43
ORD100088,2025-10-20,Customer_0047,Furniture,Desk,North,2,25444.4,4786.46
ORD100588,2025-10-20,Customer_0022,Electronics,Smartphone,South,4,137128.04,12429.11
ORD100952,2025-10-21,Customer_0460,Furniture,Sofa,East,6,131323.48,14050.77
ORD100796,2025-10-21,Customer_0083,Clothing,Shoes,West,4,9393.93,1779.16
ORD100690,2025-10-22,Customer_0462,Electronics,Laptop,West,7,437368.03,61554.55
ORD100536,2025-10-22,Customer_0102,Clothing,Jacket,East,3,9438.25,2195.39
ORD100696,2025-10-24,Customer_0221,Furniture,Office Chair,South,1,9764.54,2162.35
ORD100840,2025-10-24,Customer_0401,Furniture,Sofa,East,5,122513.54,18510.09
ORD100061,2025-10-25,Customer_0149,Electronics,Smartphone,North,7,213078.99,38088.64
ORD100163,2025-10-27,Customer_0380,Furniture,Table,East,1,10479.07,1710.64
ORD100010,2025-10-27,Customer_0120,Furniture,Desk,North,5,60005.01,7826.58
ORD100180,2025-10-27,Customer_0305,Electronics,Tablet,West,1,23546.81,1927.13
ORD100724,2025-10-28,Customer_0052,Furniture,Table,East,1,8979.64,1526.73
ORD100645,2025-10-28,Customer_0430,Electronics,Smartphone,North,6,163253.27,15923.99
ORD100873,2025-10-29,Customer_0481,Furniture,Bookshelf,North,6,38877.38,5549.84
ORD100959,2025-10-29,Customer_0233,Electronics,Smartphone,East,4,135583.24,10585.14
ORD100500,2025-10-29,Customer_0064,Clothing,Jacket,West,2,6510.1,1677.01
ORD100016,2025-10-29,Customer_0465,Electronics,Monitor,West,4,54430.72,6109.69
ORD100676,2025-10-29,Customer_0358,Clothing,Hoodie,North,3,5088.67,1346.16
ORD100131,2025-10-29,Customer_0268,Furniture,Bookshelf,North,7,46921.74,8587.33
ORD100557,2025-10-29,Customer_0175,Electronics,Monitor,West,1,12694.62,1271.7
ORD100021,2025-10-30,Customer_0376,Furniture,Sofa,East,6,158902.48,19615.55
ORD100184,2025-10-30,Customer_0277,Clothing,Jeans,South,1,1851.42,366.73
ORD100951,2025-10-30,Customer_0186,Furniture,Bookshelf,South,1,6340.13,917.44
ORD100642,2025-10-30,Customer_0023,Electronics,Laptop,West,6,378938.7,39221.65
ORD100001,2025-10-31,Customer_0073,Electronics,Tablet,East,2,44635.52,2463.23
ORD100008,2025-10-31,Customer_0500,Clothing,Jeans,East,4,7366.06,1827.33
ORD100618,2025-11-01,Customer_0030,Electronics,Tablet,East,4,99106.25,2068.21
ORD100755,2025-11-01,Customer_0361,Electronics,Smartphone,West,2,53628.38,6389.92
ORD100920,2025-11-03,Customer_0337,Electronics,Smartphone,South,2,58837.13,6637.01
ORD100835,2025-11-03,Customer_0467,Furniture,Desk,East,2,26948.75,5672.07
ORD100368,2025-11-04,Customer_0305,Clothing,Hoodie,North,5,10024.92,2410.85
ORD100331,2025-11-04,Customer_0023,Electronics,Monitor,West,4,55581.51,6185.25
ORD100329,2025-11-04,Customer_0041,Furniture,Desk,East,3,37917.49,4122.86
ORD100276,2025-11-06,Customer_0155,Furniture,Office Chair,North,5,49578.48,9143.23
ORD100268,2025-11-06,Customer_0118,Furniture,Table,West,3,27160.13,5464.52
ORD100065,2025-11-06,Customer_0357,Electronics,Monitor,East,7,90364.79,13562.44
ORD100590,2025-11-06,Customer_0214,Electronics,Tablet,East,6,126344.82,6229.12
ORD100234,2025-11-07,Customer_0450,Furniture,Table,East,4,34654.78,7493.77
ORD100185,2025-11-07,Customer_0307,Electronics,Tablet,North,6,146727.76,20144.58
ORD100059,2025-11-08,Customer_0469,Electronics,Tablet,South,1,22095.44,3141.49
ORD100577,2025-11-08,Customer_0323,Electronics,Headphones,North,3,11064.36,1491.06
ORD100693,2025-11-09,Customer_0055,Furniture,Office Chair,West,2,16909.56,3091.82
ORD100957,2025-11-09,Customer_0175,Furniture,Table,North,6,61047.08,11820.92
ORD100746,2025-11-09,Customer_0119,Clothing,Jacket,South,6,16062.47,3391.64
ORD100643,2025-11-09,Customer_0265,Electronics,Laptop,North,2,101180.04,14685.74
ORD100566,2025-11-10,Customer_0116,Furniture,Desk,West,3,39659.62,8414.27
ORD100922,2025-11-10,Customer_0398,Furniture,Office Chair,West,2,19183.92,2964.18
ORD100399,2025-11-10,Customer_0448,Clothing,Jeans,East,1,1853.62,496.66
ORD100355,2025-11-10,Customer_0275,Electronics,Headphones,South,7,25911.57,958.52
ORD100625,2025-11-10,Customer_0001,Furniture,Desk,West,6,80964.03,10626.87
ORD100428,2025-11-10,Customer_0431,Clothing,Jacket,North,7,18988.95,5172.3
ORD100748,2025-11-10,Customer_0462,Furniture,Bookshelf,North,3,18534.7,3853.08
ORD100479,2025-11-11,Customer_0273,Clothing,Shoes,South,1,2825.91,526.87
ORD100295,2025-11-12,Customer_0474,Electronics,Headphones,West,3,9859.33,794.05
ORD100850,2025-11-12,Customer_0256,Furniture,Bookshelf,South,6,36345.92,8272.48
ORD100152,2025-11-12,Customer_0177,Electronics,Headphones,East,3,10518.68,906.51
ORD100238,2025-11-12,Customer_0127,Electronics,Laptop,East,5,251597.45,22374.08
ORD100699,2025-11-12,Customer_0295,Electronics,Headphones,West,2,6210.08,964.12
ORD100802,2025-11-15,Customer_0179,Electronics,Laptop,South,6,310960.23,37161.78
ORD100637,2025-11-15,Customer_0164,Furniture,Table,East,6,57746.85,10891.8
ORD100619,2025-11-15,Customer_0135,Clothing,T-Shirt,East,3,2574.46,639.73
ORD100119,2025-11-16,Customer_0439,Clothing,Shoes,North,4,9423.31,2277.25
ORD100679,2025-11-16,Customer_0450,Clothing,Hoodie,East,4,6267.28,1161.01
ORD100553,2025-11-16,Customer_0219,Furniture,Table,North,3,28950.57,4451.8
ORD100439,2025-11-16,Customer_0489,Furniture,Table,East,2,18030.98,3995.68
ORD100273,2025-11-17,Customer_0259,Clothing,Jacket,North,1,3010.54,789.46
ORD100207,2025-11-17,Customer_0456,Electronics,Monitor,East,1,15380.34,1994.53
ORD100124,2025-11-19,Customer_0422,Electronics,Headphones,North,4,14966.93,417.94
ORD100229,2025-11-19,Customer_0177,Clothing,Jeans,North,1,1681.38,433.19
ORD100029,2025-11-20,Customer_0443,Furniture,Bookshelf,South,5,32605.52,5026.73
ORD100452,2025-11-20,Customer_0416,Furniture,Table,West,3,33475.54,6663.23
ORD100928,2025-11-21,Customer_0102,Furniture,Desk,South,4,42546.76,8305.45
ORD100889,2025-11-21,Customer_0492,Electronics,Headphones,North,3,11997.54,1222.08
ORD100660,2025-11-21,Customer_0480,Furniture,Table,West,3,34382.06,5495.12
ORD100695,2025-11-22,Customer_0118,Electronics,Headphones,West,3,9442.5,1922.43
ORD100167,2025-11-22,Customer_0341,Electronics,Laptop,West,6,361058.61,38062.12
ORD100015,2025-11-22,Customer_0424,Electronics,Headphones,South,1,3938.13,543.83
ORD100998,2025-11-23,Customer_0195,Electronics,Smartphone,North,2,51718.61,6926.94
ORD100762,2025-11-23,Customer_0349,Electronics,Monitor,North,2,26612.23,2282.07
ORD100978,2025-11-24,Customer_0373,Electronics,Tablet,North,4,86129.55,7779.02
ORD100449,2025-11-25,Customer_0387,Electronics,Headphones,West,5,19771.95,2596.28
ORD100315,2025-11-25,Customer_0073,Clothing,T-Shirt,East,2,1754.34,283.96
ORD100723,2025-11-25,Customer_0054,Electronics,Headphones,West,1,3546.78,624.77
ORD100780,2025-11-26,Customer_0156,Furniture,Table,East,6,59442.73,10580.28
ORD100788,2025-11-26,Customer_0162,Furniture,Bookshelf,North,7,51793.69,8562.52
ORD100228,2025-11-27,Customer_0215,Electronics,Headphones,North,7,26810.74,3163.32
ORD100417,2025-11-29,Customer_0357,Electronics,Headphones,South,6,19086.65,2062.87
ORD100964,2025-11-29,Customer_0480,Electronics,Smartphone,South,2,51660.83,9157.03
ORD100182,2025-11-29,Customer_0017,Electronics,Laptop,North,4,190865.31,16425.67
ORD100292,2025-11-30,Customer_0311,Electronics,Laptop,West,3,142506.47,19013.24
ORD100480,2025-11-30,Customer_0099,Furniture,Office Chair,North,7,59283.99,7864.74
ORD100983,2025-11-30,Customer_0111,Electronics,Tablet,North,2,39973.45,5822.09
ORD100034,2025-11-30,Customer_0068,Clothing,Shoes,South,4,8548.73,1942.47
ORD100716,2025-12-02,Customer_0023,Clothing,Hoodie,East,2,3945.19,872.64
ORD100275,2025-12-02,Customer_0454,Furniture,Office Chair,West,2,17367.03,2484.73
ORD100020,2025-12-02,Customer_0161,Electronics,Smartphone,West,5,151146.16,22189.12
ORD100253,2025-12-02,Customer_0041,Clothing,Jacket,East,1,3037.0,453.23
ORD100607,2025-12-02,Customer_0057,Electronics,Laptop,West,7,421989.26,66827.25
ORD100853,2025-12-02,Customer_0236,Electronics,Smartphone,East,7,206872.07,20422.37
ORD100444,2025-12-03,Customer_0342,Electronics,Laptop,West,3,180437.37,14349.36
ORD100671,2025-12-03,Customer_0375,Electronics,Smartphone,East,1,27612.79,4232.92
ORD100362,2025-12-04,Customer_0427,Furniture,Desk,South,1,10686.78,1997.65
ORD100921,2025-12-04,Customer_0356,Clothing,Shoes,North,7,19878.88,4430.99
ORD100729,2025-12-04,Customer_0178,Electronics,Monitor,East,2,30490.1,4836.88
ORD100781,2025-12-07,Customer_0139,Furniture,Bookshelf,East,7,53423.8,7007.03
ORD100757,2025-12-07,Customer_0049,Furniture,Bookshelf,North,1,7877.06,1115.91
ORD100225,2025-12-07,Customer_0158,Electronics,Tablet,West,5,94228.18,11849.22
ORD100237,2025-12-08,Customer_0161,Electronics,Laptop,East,7,371511.37,43388.92
ORD100710,2025-12-08,Customer_0313,Furniture,Office Chair,West,2,19911.29,3549.27
ORD100166,2025-12-08,Customer_0295,Clothing,Shoes,East,7,15197.59,2962.6
ORD100014,2025-12-09,Customer_0164,Electronics,Smartphone,West,6,171411.76,26309.07
ORD100946,2025-12-09,Customer_0272,Electronics,Smartphone,South,3,90773.73,14448.78
ORD100410,2025-12-09,Customer_0426,Electronics,Smartphone,West,5,148724.23,6236.55
ORD100986,2025-12-10,Customer_0160,Furniture,Office Chair,South,2,15634.51,3081.13
ORD100411,2025-12-10,Customer_0485,Electronics,Monitor,East,7,85987.81,11000.76
ORD100795,2025-12-10,Customer_0141,Electronics,Smartphone,West,4,107297.88,17834.46
ORD100097,2025-12-11,Customer_0021,Furniture,Table,South,6,58974.61,9676.68
ORD100756,2025-12-11,Customer_0204,Clothing,Jacket,East,6,20365.55,5337.52
ORD100050,2025-12-11,Customer_0369,Electronics,Laptop,North,6,280503.04,26741.62
ORD100512,2025-12-11,Customer_0395,Furniture,Sofa,North,1,22067.6,3293.67
ORD100306,2025-12-11,Customer_0284,Clothing,Hoodie,North,4,6427.92,1616.74
ORD100087,2025-12-13,Customer_0174,Furniture,Office Chair,South,4,38088.96,6588.92
ORD100464,2025-12-13,Customer_0359,Furniture,Sofa,South,3,83941.18,10424.11
ORD100259,2025-12-13,Customer_0202,Furniture,Desk,West,1,10414.51,2637.6
ORD100933,2025-12-13,Customer_0024,Clothing,T-Shirt,North,2,1619.78,374.88
ORD100514,2025-12-14,Customer_0476,Clothing,T-Shirt,West,6,5103.45,1008.87
ORD100199,2025-12-14,Customer_0046,Clothing,Shoes,South,2,4370.92,595.68
ORD100297,2025-12-15,Customer_0213,Clothing,Jeans,North,7,11352.17,2558.86
ORD100678,2025-12-15,Customer_0322,Electronics,Laptop,South,1,50603.86,5241.57
ORD100632,2025-12-16,Customer_0188,Clothing,Hoodie,East,5,10157.78,2456.35
ORD100051,2025-12-16,Customer_0432,Clothing,Jacket,South,2,6381.85,1060.56
ORD100436,2025-12-16,Customer_0068,Furniture,Sofa,West,7,181059.59,24142.58
ORD100931,2025-12-16,Customer_0182,Electronics,Monitor,South,4,57082.2,8428.03
ORD100667,2025-12-16,Customer_0016,Electronics,Smartphone,West,4,127429.39,8853.01
ORD100053,2025-12-17,Customer_0268,Clothing,Jeans,South,3,5002.26,1022.42
ORD100469,2025-12-17,Customer_0447,Electronics,Laptop,North,2,110001.92,14722.63
ORD100437,2025-12-18,Customer_0069,Electronics,Headphones,South,3,9181.96,603.23
ORD100892,2025-12-19,Customer_0028,Clothing,Hoodie,East,7,13161.2,2968.23
ORD100143,2025-12-19,Customer_0241,Furniture,Bookshelf,South,5,34078.94,5618.01
ORD100147,2025-12-19,Customer_0291,Furniture,Office Chair,North,1,9228.27,1979.68
ORD100528,2025-12-19,Customer_0108,Electronics,Headphones,North,7,24577.69,2750.55
ORD100973,2025-12-20,Customer_0126,Furniture,Sofa,East,5,142717.3,22405.47
ORD100555,2025-12-20,Customer_0092,Clothing,Jacket,North,2,6605.6,1181.12
ORD100175,2025-12-20,Customer_0382,Furniture,Desk,North,5,58226.31,12716.95
ORD100769,2025-12-20,Customer_0343,Electronics,Smartphone,North,2,57878.22,6407.34
ORD100962,2025-12-21,Customer_0134,Furniture,Desk,North,1,11380.38,1989.83
ORD100684,2025-12-22,Customer_0415,Furniture,Table,North,3,28891.8,5070.42
ORD100627,2025-12-22,Customer_0037,Furniture,Sofa,South,6,160903.15,19857.87
ORD100657,2025-12-25,Customer_0188,Electronics,Headphones,East,2,6917.54,1038.67
ORD100328,2025-12-25,Customer_0335,Furniture,Office Chair,East,6,58819.73,9433.12
ORD100591,2025-12-25,Customer_0171,Electronics,Monitor,South,2,26690.37,4549.86
ORD100448,2025-12-26,Customer_0435,Clothing,Shoes,East,5,13619.96,3181.05
ORD100204,2025-12-26,Customer_0019,Clothing,Jeans,East,5,7866.5,1873.77
ORD100501,2025-12-26,Customer_0091,Furniture,Sofa,South,6,168416.37,33241.01
ORD100224,2025-12-27,Customer_0343,Electronics,Smartphone,North,3,102164.39,6741.92
ORD100554,2025-12-28,Customer_0082,Furniture,Desk,West,2,21611.61,3722.52
ORD100543,2025-12-28,Customer_0411,Electronics,Laptop,North,7,408682.22,60368.53
ORD100068,2025-12-28,Customer_0417,Clothing,Shoes,North,2,4394.97,907.31
ORD100858,2025-12-29,Customer_0013,Furniture,Bookshelf,North,3,22571.03,4827.35
ORD100731,2025-12-29,Customer_0366,Electronics,Monitor,East,3,43833.73,4898.11
ORD100206,2025-12-30,Customer_0072,Electronics,Smartphone,North,4,124683.35,16793.56
ORD100017,2025-12-30,Customer_0286,Electronics,Laptop,North,7,343799.01,40987.54
ORD100708,2025-12-30,Customer_0053,Clothing,T-Shirt,South,1,997.1,220.04
ORD100700,2025-12-30,Customer_0321,Furniture,Table,South,3,26134.82,5178.09
ORD100548,2025-12-30,Customer_0242,Furniture,Office Chair,East,5,40529.59,7315.4
ORD100903,2025-12-30,Customer_0313,Electronics,Tablet,North,4,97758.75,13261.83
ORD100904,2025-12-30,Customer_0049,Furniture,Bookshelf,South,2,12270.16,1993.37
ORD100854,2025-12-31,Customer_0361,Clothing,Jeans,South,4,7737.76,1427.56
ORD100672,2025-12-31,Customer_0162,Clothing,Jacket,West,3,9860.95,2351.26
